-- --------------------------------------------------------
-- Host:                         rsu-topicos-moviles-2024-1.b.aivencloud.com
-- Server version:               PostgreSQL 17.6 on x86_64-pc-linux-gnu, compiled by gcc (GCC) 14.2.1 20240912 (Red Hat 14.2.1-3), 64-bit
-- Server OS:                    
-- HeidiSQL Version:             12.8.0.6908
-- --------------------------------------------------------

/*!40101 SET @OLD_CHARACTER_SET_CLIENT=@@CHARACTER_SET_CLIENT */;
/*!40101 SET NAMES  */;
/*!40103 SET @OLD_TIME_ZONE=@@TIME_ZONE */;
/*!40103 SET TIME_ZONE='+00:00' */;
/*!40014 SET @OLD_FOREIGN_KEY_CHECKS=@@FOREIGN_KEY_CHECKS, FOREIGN_KEY_CHECKS=0 */;
/*!40101 SET @OLD_SQL_MODE=@@SQL_MODE, SQL_MODE='NO_AUTO_VALUE_ON_ZERO' */;
/*!40111 SET @OLD_SQL_NOTES=@@SQL_NOTES, SQL_NOTES=0 */;

-- Dumping structure for table public.usertypes
CREATE TABLE IF NOT EXISTS "usertypes" (
	"id" SERIAL NOT NULL,
	"name" VARCHAR(255) NOT NULL,
	"is_system" BOOLEAN NOT NULL DEFAULT false,
	"created_at" TIMESTAMP NULL DEFAULT NULL,
	"updated_at" TIMESTAMP NULL DEFAULT NULL,
	"deleted_at" TIMESTAMP NULL DEFAULT NULL,
	"description" TEXT NULL DEFAULT NULL,
	PRIMARY KEY ("id")
);

-- Dumping data for table public.usertypes: -1 rows
/*!40000 ALTER TABLE "usertypes" DISABLE KEYS */;
INSERT INTO "usertypes" ("id", "name", "is_system", "created_at", "updated_at", "deleted_at", "description") VALUES
	(1, 'Conductor', 'true', '2025-10-23 04:34:40', '2025-10-23 04:34:40', NULL, 'Personal encargado de conducir los vehículos de recolección'),
	(2, 'Ayudante', 'true', '2025-10-23 04:34:40', '2025-10-23 04:34:40', NULL, 'Personal de apoyo en la recolección de residuos'),
	(3, 'Supervisor', 'false', '2025-10-23 04:34:40', '2025-10-23 04:34:40', NULL, 'Personal que supervisa las operaciones de recolección'),
	(4, 'Coordinador de Zona', 'false', '2025-10-23 04:34:41', '2025-10-23 04:34:41', NULL, 'Personal encargado de coordinar las rutas por zona'),
	(5, 'Auxiliar de Limpieza', 'false', '2025-10-23 04:34:41', '2025-10-23 04:34:41', NULL, 'Personal de apoyo para limpieza de áreas específicas'),
	(6, 'Mecánico', 'false', '2025-10-23 04:34:41', '2025-10-23 04:34:41', NULL, 'Personal de mantenimiento de vehículos');
/*!40000 ALTER TABLE "usertypes" ENABLE KEYS */;



-- Dumping structure for table public.sessions
CREATE TABLE IF NOT EXISTS "sessions" (
	"id" VARCHAR(255) NOT NULL,
	"user_id" BIGINT NULL DEFAULT NULL,
	"ip_address" VARCHAR(45) NULL DEFAULT NULL,
	"user_agent" TEXT NULL DEFAULT NULL,
	"payload" TEXT NOT NULL,
	"last_activity" INTEGER NOT NULL,
	PRIMARY KEY ("id")

);

-- Dumping structure for table public.departments
CREATE TABLE IF NOT EXISTS "departments" (
	"id" SERIAL NOT NULL,
	"name" VARCHAR(255) NOT NULL,
	"code" VARCHAR(10) NOT NULL,
	"created_at" TIMESTAMP NULL DEFAULT NULL,
	"updated_at" TIMESTAMP NULL DEFAULT NULL,
	"deleted_at" TIMESTAMP NULL DEFAULT NULL,
	PRIMARY KEY ("id")
);

-- Dumping data for table public.departments: -1 rows
/*!40000 ALTER TABLE "departments" DISABLE KEYS */;
INSERT INTO "departments" ("id", "name", "code", "created_at", "updated_at", "deleted_at") VALUES
	(2, 'AMAZONAS', '010000', '2025-10-28 18:06:57', '2025-10-28 18:06:57', NULL),
	(3, 'ANCASH', '020000', '2025-10-28 18:07:40', '2025-10-28 18:07:40', NULL),
	(4, 'APURIMAC', '030000', '2025-10-28 18:09:08', '2025-10-28 18:09:08', NULL),
	(5, 'AREQUIPA', '040000', '2025-10-28 18:09:49', '2025-10-28 18:09:49', NULL),
	(6, 'AYACUCHO', '050000', '2025-10-28 18:10:40', '2025-10-28 18:10:40', NULL),
	(7, 'CAJAMARCA', '060000', '2025-10-28 18:11:41', '2025-10-28 18:11:41', NULL),
	(8, 'CALLAO', '240000', '2025-10-28 18:12:44', '2025-10-28 18:12:44', NULL),
	(9, 'CUSCO', '070000', '2025-10-28 18:12:47', '2025-10-28 18:12:47', NULL),
	(10, 'HUANCAVELICA', '080000', '2025-10-28 18:13:46', '2025-10-28 18:13:46', NULL),
	(11, 'HUANUCO', '090000', '2025-10-28 18:14:35', '2025-10-28 18:14:35', NULL),
	(12, 'ICA', '100000', '2025-10-28 18:15:18', '2025-10-28 18:15:18', NULL),
	(13, 'JUNIN', '110000', '2025-10-28 18:15:40', '2025-10-28 18:15:40', NULL),
	(14, 'LA LIBERTAD', '120000', '2025-10-28 18:16:40', '2025-10-28 18:16:40', NULL),
	(15, 'LAMBAYEQUE', '130000', '2025-10-28 18:17:24', '2025-10-28 18:17:24', NULL),
	(16, 'LIMA', '140000', '2025-10-28 18:17:43', '2025-10-28 18:17:43', NULL),
	(17, 'LORETO', '150000', '2025-10-28 18:19:05', '2025-10-28 18:19:05', NULL),
	(18, 'MADRE DE DIOS', '160000', '2025-10-28 18:19:32', '2025-10-28 18:19:32', NULL),
	(19, 'MOQUEGUA', '170000', '2025-10-28 18:19:39', '2025-10-28 18:19:39', NULL),
	(20, 'PASCO', '180000', '2025-10-28 18:19:52', '2025-10-28 18:19:52', NULL),
	(21, 'PIURA', '190000', '2025-10-28 18:20:06', '2025-10-28 18:20:06', NULL),
	(22, 'PUNO', '200000', '2025-10-28 18:20:40', '2025-10-28 18:20:40', NULL),
	(23, 'SAN MARTIN', '210000', '2025-10-28 18:21:37', '2025-10-28 18:21:37', NULL),
	(24, 'TACNA', '220000', '2025-10-28 18:22:19', '2025-10-28 18:22:19', NULL),
	(25, 'TUMBES', '230000', '2025-10-28 18:22:34', '2025-10-28 18:22:34', NULL),
	(26, 'UCAYALI', '250000', '2025-10-28 18:22:41', '2025-10-28 18:22:41', NULL);
/*!40000 ALTER TABLE "departments" ENABLE KEYS */;


-- Dumping structure for table public.provinces
CREATE TABLE IF NOT EXISTS "provinces" (
	"id" SERIAL NOT NULL,
	"name" VARCHAR(255) NOT NULL,
	"code" VARCHAR(10) NOT NULL,
	"department_id" BIGINT NOT NULL,
	"created_at" TIMESTAMP NULL DEFAULT NULL,
	"updated_at" TIMESTAMP NULL DEFAULT NULL,
	"deleted_at" TIMESTAMP NULL DEFAULT NULL,
	PRIMARY KEY ("id"),
	CONSTRAINT "provinces_department_id_foreign" FOREIGN KEY ("department_id") REFERENCES "departments" ("id") ON UPDATE NO ACTION ON DELETE CASCADE
);

-- Dumping data for table public.provinces: 179 rows
/*!40000 ALTER TABLE "provinces" DISABLE KEYS */;
INSERT INTO "provinces" ("id", "name", "code", "department_id", "created_at", "updated_at", "deleted_at") VALUES
	(1, 'CHACHAPOYAS', '010100', 2, '2025-10-28 18:07:00', '2025-10-28 18:07:00', NULL),
	(2, 'BAGUA', '010200', 2, '2025-10-28 18:07:09', '2025-10-28 18:07:09', NULL),
	(3, 'BONGARA', '010300', 2, '2025-10-28 18:07:13', '2025-10-28 18:07:13', NULL),
	(4, 'CONDORCANQUI', '010600', 2, '2025-10-28 18:07:18', '2025-10-28 18:07:18', NULL),
	(5, 'LUYA', '010400', 2, '2025-10-28 18:07:20', '2025-10-28 18:07:20', NULL),
	(6, 'RODRIGUEZ DE MENDOZA', '010500', 2, '2025-10-28 18:07:30', '2025-10-28 18:07:30', NULL),
	(7, 'UTCUBAMBA', '010700', 2, '2025-10-28 18:07:37', '2025-10-28 18:07:37', NULL),
	(8, 'HUARAZ', '020100', 3, '2025-10-28 18:07:41', '2025-10-28 18:07:41', NULL),
	(9, 'AIJA', '020200', 3, '2025-10-28 18:07:47', '2025-10-28 18:07:47', NULL),
	(10, 'ANTONIO RAYMONDI', '021600', 3, '2025-10-28 18:07:50', '2025-10-28 18:07:50', NULL),
	(11, 'ASUNCION', '021800', 3, '2025-10-28 18:07:53', '2025-10-28 18:07:53', NULL),
	(12, 'BOLOGNESI', '020300', 3, '2025-10-28 18:07:56', '2025-10-28 18:07:56', NULL),
	(13, 'CARHUAZ', '020400', 3, '2025-10-28 18:08:05', '2025-10-28 18:08:05', NULL),
	(14, 'CARLOS FERMIN FITZCA', '021700', 3, '2025-10-28 18:08:10', '2025-10-28 18:08:10', NULL),
	(15, 'CASMA', '020500', 3, '2025-10-28 18:08:12', '2025-10-28 18:08:12', NULL),
	(16, 'CORONGO', '020600', 3, '2025-10-28 18:08:14', '2025-10-28 18:08:14', NULL),
	(17, 'HUARI', '020800', 3, '2025-10-28 18:08:17', '2025-10-28 18:08:17', NULL),
	(18, 'HUARMEY', '021900', 3, '2025-10-28 18:08:25', '2025-10-28 18:08:25', NULL),
	(19, 'HUAYLAS', '020700', 3, '2025-10-28 18:08:28', '2025-10-28 18:08:28', NULL),
	(20, 'MARISCAL LUZURIAGA', '020900', 3, '2025-10-28 18:08:33', '2025-10-28 18:08:33', NULL),
	(21, 'OCROS', '022000', 3, '2025-10-28 18:08:37', '2025-10-28 18:08:37', NULL),
	(22, 'PALLASCA', '021000', 3, '2025-10-28 18:08:42', '2025-10-28 18:08:42', NULL),
	(23, 'POMABAMBA', '021100', 3, '2025-10-28 18:08:48', '2025-10-28 18:08:48', NULL),
	(24, 'RECUAY', '021200', 3, '2025-10-28 18:08:50', '2025-10-28 18:08:50', NULL),
	(25, 'SANTA', '021300', 3, '2025-10-28 18:08:55', '2025-10-28 18:08:55', NULL),
	(26, 'SIHUAS', '021400', 3, '2025-10-28 18:08:59', '2025-10-28 18:08:59', NULL),
	(27, 'YUNGAY', '021500', 3, '2025-10-28 18:09:04', '2025-10-28 18:09:04', NULL),
	(28, 'ABANCAY', '030100', 4, '2025-10-28 18:09:09', '2025-10-28 18:09:09', NULL),
	(29, 'ANDAHUAYLAS', '030300', 4, '2025-10-28 18:09:13', '2025-10-28 18:09:13', NULL),
	(30, 'ANTABAMBA', '030400', 4, '2025-10-28 18:09:22', '2025-10-28 18:09:22', NULL),
	(31, 'AYMARAES', '030200', 4, '2025-10-28 18:09:26', '2025-10-28 18:09:26', NULL),
	(32, 'COTABAMBAS', '030500', 4, '2025-10-28 18:09:34', '2025-10-28 18:09:34', NULL),
	(33, 'CHINCHEROS', '030700', 4, '2025-10-28 18:09:37', '2025-10-28 18:09:37', NULL),
	(34, 'GRAU', '030600', 4, '2025-10-28 18:09:42', '2025-10-28 18:09:42', NULL),
	(35, 'AREQUIPA', '040100', 5, '2025-10-28 18:09:49', '2025-10-28 18:09:49', NULL),
	(36, 'CAMANA', '040300', 5, '2025-10-28 18:10:02', '2025-10-28 18:10:02', NULL),
	(37, 'CARAVELI', '040400', 5, '2025-10-28 18:10:06', '2025-10-28 18:10:06', NULL),
	(38, 'CASTILLA', '040500', 5, '2025-10-28 18:10:12', '2025-10-28 18:10:12', NULL),
	(39, 'CAYLLOMA', '040200', 5, '2025-10-28 18:10:19', '2025-10-28 18:10:19', NULL),
	(40, 'CONDESUYOS', '040600', 5, '2025-10-28 18:10:28', '2025-10-28 18:10:28', NULL),
	(41, 'ISLAY', '040700', 5, '2025-10-28 18:10:32', '2025-10-28 18:10:32', NULL),
	(42, 'LA UNION', '040800', 5, '2025-10-28 18:10:35', '2025-10-28 18:10:35', NULL),
	(43, 'HUAMANGA', '050100', 6, '2025-10-28 18:10:40', '2025-10-28 18:10:40', NULL),
	(44, 'CANGALLO', '050200', 6, '2025-10-28 18:10:49', '2025-10-28 18:10:49', NULL),
	(45, 'HUANCA SANCOS', '050800', 6, '2025-10-28 18:10:52', '2025-10-28 18:10:52', NULL),
	(46, 'HUANTA', '050300', 6, '2025-10-28 18:10:54', '2025-10-28 18:10:54', NULL),
	(47, 'LA MAR', '050400', 6, '2025-10-28 18:10:59', '2025-10-28 18:10:59', NULL),
	(48, 'LUCANAS', '050500', 6, '2025-10-28 18:11:07', '2025-10-28 18:11:07', NULL),
	(49, 'PARINACOCHAS', '050600', 6, '2025-10-28 18:11:17', '2025-10-28 18:11:17', NULL),
	(50, 'PAUCAR DEL SARA SARA', '051000', 6, '2025-10-28 18:11:21', '2025-10-28 18:11:21', NULL),
	(51, 'SUCRE', '051100', 6, '2025-10-28 18:11:26', '2025-10-28 18:11:26', NULL),
	(52, 'VICTOR FAJARDO', '050700', 6, '2025-10-28 18:11:32', '2025-10-28 18:11:32', NULL),
	(53, 'VILCAS HUAMAN', '050900', 6, '2025-10-28 18:11:37', '2025-10-28 18:11:37', NULL),
	(54, 'CAJAMARCA', '060100', 7, '2025-10-28 18:11:41', '2025-10-28 18:11:41', NULL),
	(55, 'CAJABAMBA', '060200', 7, '2025-10-28 18:11:47', '2025-10-28 18:11:47', NULL),
	(56, 'CELENDIN', '060300', 7, '2025-10-28 18:11:49', '2025-10-28 18:11:49', NULL),
	(57, 'CHOTA', '060600', 7, '2025-10-28 18:11:55', '2025-10-28 18:11:55', NULL),
	(58, 'CONTUMAZA', '060400', 7, '2025-10-28 18:12:04', '2025-10-28 18:12:04', NULL),
	(59, 'CUTERVO', '060500', 7, '2025-10-28 18:12:08', '2025-10-28 18:12:08', NULL),
	(60, 'HUALGAYOC', '060700', 7, '2025-10-28 18:12:16', '2025-10-28 18:12:16', NULL),
	(61, 'JAEN', '060800', 7, '2025-10-28 18:12:17', '2025-10-28 18:12:17', NULL),
	(62, 'SAN IGNACIO', '061100', 7, '2025-10-28 18:12:23', '2025-10-28 18:12:23', NULL),
	(63, 'SAN MARCOS', '061200', 7, '2025-10-28 18:12:26', '2025-10-28 18:12:26', NULL),
	(64, 'SAN MIGUEL', '061000', 7, '2025-10-28 18:12:30', '2025-10-28 18:12:30', NULL),
	(65, 'SAN PABLO', '061300', 7, '2025-10-28 18:12:36', '2025-10-28 18:12:36', NULL),
	(66, 'SANTA CRUZ', '060900', 7, '2025-10-28 18:12:39', '2025-10-28 18:12:39', NULL),
	(67, 'CALLAO', '240100', 8, '2025-10-28 18:12:44', '2025-10-28 18:12:44', NULL),
	(68, 'CUSCO', '070100', 9, '2025-10-28 18:12:48', '2025-10-28 18:12:48', NULL),
	(69, 'ACOMAYO', '070200', 9, '2025-10-28 18:12:53', '2025-10-28 18:12:53', NULL),
	(70, 'ANTA', '070300', 9, '2025-10-28 18:12:57', '2025-10-28 18:12:57', NULL),
	(71, 'CALCA', '070400', 9, '2025-10-28 18:13:01', '2025-10-28 18:13:01', NULL),
	(72, 'CANAS', '070500', 9, '2025-10-28 18:13:05', '2025-10-28 18:13:05', NULL),
	(73, 'CANCHIS', '070600', 9, '2025-10-28 18:13:09', '2025-10-28 18:13:09', NULL),
	(74, 'CHUMBIVILCAS', '070700', 9, '2025-10-28 18:13:13', '2025-10-28 18:13:13', NULL),
	(75, 'ESPINAR', '070800', 9, '2025-10-28 18:13:17', '2025-10-28 18:13:17', NULL),
	(76, 'LA CONVENCION', '070900', 9, '2025-10-28 18:13:21', '2025-10-28 18:13:21', NULL),
	(77, 'PARURO', '071000', 9, '2025-10-28 18:13:29', '2025-10-28 18:13:29', NULL),
	(78, 'PAUCARTAMBO', '071100', 9, '2025-10-28 18:13:34', '2025-10-28 18:13:34', NULL),
	(79, 'QUISPICANCHI', '071200', 9, '2025-10-28 18:13:37', '2025-10-28 18:13:37', NULL),
	(80, 'URUBAMBA', '071300', 9, '2025-10-28 18:13:42', '2025-10-28 18:13:42', NULL),
	(81, 'HUANCAVELICA', '080100', 10, '2025-10-28 18:13:46', '2025-10-28 18:13:46', NULL),
	(82, 'ACOBAMBA', '080200', 10, '2025-10-28 18:13:55', '2025-10-28 18:13:55', NULL),
	(83, 'ANGARAES', '080300', 10, '2025-10-28 18:13:59', '2025-10-28 18:13:59', NULL),
	(84, 'CASTROVIRREYNA', '080400', 10, '2025-10-28 18:14:05', '2025-10-28 18:14:05', NULL),
	(85, 'CHURCAMPA', '080700', 10, '2025-10-28 18:14:11', '2025-10-28 18:14:11', NULL),
	(86, 'HUAYTARA', '080600', 10, '2025-10-28 18:14:17', '2025-10-28 18:14:17', NULL),
	(87, 'TAYACAJA', '080500', 10, '2025-10-28 18:14:24', '2025-10-28 18:14:24', NULL),
	(88, 'HUANUCO', '090100', 11, '2025-10-28 18:14:36', '2025-10-28 18:14:36', NULL),
	(89, 'AMBO', '090200', 11, '2025-10-28 18:14:42', '2025-10-28 18:14:42', NULL),
	(90, 'DOS DE MAYO', '090300', 11, '2025-10-28 18:14:46', '2025-10-28 18:14:46', NULL),
	(91, 'HUACAYBAMBA', '090900', 11, '2025-10-28 18:14:50', '2025-10-28 18:14:50', NULL),
	(92, 'HUAMALIES', '090400', 11, '2025-10-28 18:14:53', '2025-10-28 18:14:53', NULL),
	(93, 'LEONCIO PRADO', '090600', 11, '2025-10-28 18:14:58', '2025-10-28 18:14:58', NULL),
	(94, 'MARAÑON', '090500', 11, '2025-10-28 18:15:03', '2025-10-28 18:15:03', NULL),
	(95, 'PACHITEA', '090700', 11, '2025-10-28 18:15:05', '2025-10-28 18:15:05', NULL),
	(96, 'PUERTO INCA', '090800', 11, '2025-10-28 18:15:07', '2025-10-28 18:15:07', NULL),
	(97, 'LAURICOCHA', '091000', 11, '2025-10-28 18:15:11', '2025-10-28 18:15:11', NULL),
	(98, 'YAROWILCA', '091100', 11, '2025-10-28 18:15:14', '2025-10-28 18:15:14', NULL),
	(99, 'ICA', '100100', 12, '2025-10-28 18:15:19', '2025-10-28 18:15:19', NULL),
	(100, 'CHINCHA', '100200', 12, '2025-10-28 18:15:25', '2025-10-28 18:15:25', NULL),
	(101, 'NAZCA', '100300', 12, '2025-10-28 18:15:30', '2025-10-28 18:15:30', NULL),
	(102, 'PALPA', '100500', 12, '2025-10-28 18:15:33', '2025-10-28 18:15:33', NULL),
	(103, 'PISCO', '100400', 12, '2025-10-28 18:15:36', '2025-10-28 18:15:36', NULL),
	(104, 'HUANCAYO', '110100', 13, '2025-10-28 18:15:40', '2025-10-28 18:15:40', NULL),
	(105, 'CONCEPCION', '110200', 13, '2025-10-28 18:15:53', '2025-10-28 18:15:53', NULL),
	(106, 'CHANCHAMAYO', '110800', 13, '2025-10-28 18:16:00', '2025-10-28 18:16:00', NULL),
	(107, 'JAUJA', '110300', 13, '2025-10-28 18:16:04', '2025-10-28 18:16:04', NULL),
	(108, 'JUNIN', '110400', 13, '2025-10-28 18:16:19', '2025-10-28 18:16:19', NULL),
	(109, 'SATIPO', '110700', 13, '2025-10-28 18:16:21', '2025-10-28 18:16:21', NULL),
	(110, 'TARMA', '110500', 13, '2025-10-28 18:16:26', '2025-10-28 18:16:26', NULL),
	(111, 'YAULI', '110600', 13, '2025-10-28 18:16:31', '2025-10-28 18:16:31', NULL),
	(112, 'CHUPACA', '110900', 13, '2025-10-28 18:16:36', '2025-10-28 18:16:36', NULL),
	(113, 'TRUJILLO', '120100', 14, '2025-10-28 18:16:40', '2025-10-28 18:16:40', NULL),
	(114, 'ASCOPE', '120800', 14, '2025-10-28 18:16:46', '2025-10-28 18:16:46', NULL),
	(115, 'BOLIVAR', '120200', 14, '2025-10-28 18:16:50', '2025-10-28 18:16:50', NULL),
	(116, 'CHEPEN', '120900', 14, '2025-10-28 18:16:53', '2025-10-28 18:16:53', NULL),
	(117, 'JULCAN', '121000', 14, '2025-10-28 18:16:55', '2025-10-28 18:16:55', NULL),
	(118, 'OTUZCO', '120400', 14, '2025-10-28 18:16:57', '2025-10-28 18:16:57', NULL),
	(119, 'PACASMAYO', '120500', 14, '2025-10-28 18:17:02', '2025-10-28 18:17:02', NULL),
	(120, 'PATAZ', '120600', 14, '2025-10-28 18:17:05', '2025-10-28 18:17:05', NULL),
	(121, 'SANCHEZ CARRION', '120300', 14, '2025-10-28 18:17:12', '2025-10-28 18:17:12', NULL),
	(122, 'SANTIAGO DE CHUCO', '120700', 14, '2025-10-28 18:17:16', '2025-10-28 18:17:16', NULL),
	(123, 'GRAN CHIMU', '121100', 14, '2025-10-28 18:17:20', '2025-10-28 18:17:20', NULL),
	(124, 'VIRU', '121200', 14, '2025-10-28 18:17:22', '2025-10-28 18:17:22', NULL),
	(125, 'CHICLAYO', '130100', 15, '2025-10-28 18:17:24', '2025-10-28 18:17:24', NULL),
	(126, 'FERREÑAFE', '130200', 15, '2025-10-28 18:17:34', '2025-10-28 18:17:34', NULL),
	(127, 'LAMBAYEQUE', '130300', 15, '2025-10-28 18:17:38', '2025-10-28 18:17:38', NULL),
	(128, 'LIMA', '140100', 16, '2025-10-28 18:17:44', '2025-10-28 18:17:44', NULL),
	(129, 'BARRANCA', '140900', 16, '2025-10-28 18:18:04', '2025-10-28 18:18:04', NULL),
	(130, 'CAJATAMBO', '140200', 16, '2025-10-28 18:18:06', '2025-10-28 18:18:06', NULL),
	(131, 'CANTA', '140300', 16, '2025-10-28 18:18:09', '2025-10-28 18:18:09', NULL),
	(132, 'CAÑETE', '140400', 16, '2025-10-28 18:18:12', '2025-10-28 18:18:12', NULL),
	(133, 'HUARAL', '140800', 16, '2025-10-28 18:18:20', '2025-10-28 18:18:20', NULL),
	(134, 'HUAROCHIRI', '140600', 16, '2025-10-28 18:18:26', '2025-10-28 18:18:26', NULL),
	(135, 'HUAURA', '140500', 16, '2025-10-28 18:18:40', '2025-10-28 18:18:40', NULL),
	(136, 'OYON', '141000', 16, '2025-10-28 18:18:46', '2025-10-28 18:18:46', NULL),
	(137, 'YAUYOS', '140700', 16, '2025-10-28 18:18:49', '2025-10-28 18:18:49', NULL),
	(138, 'MAYNAS', '150100', 17, '2025-10-28 18:19:05', '2025-10-28 18:19:05', NULL),
	(139, 'ALTO AMAZONAS', '150200', 17, '2025-10-28 18:19:12', '2025-10-28 18:19:12', NULL),
	(140, 'LORETO', '150300', 17, '2025-10-28 18:19:14', '2025-10-28 18:19:14', NULL),
	(141, 'MARISCAL RAMON CASTI', '150600', 17, '2025-10-28 18:19:17', '2025-10-28 18:19:17', NULL),
	(142, 'REQUENA', '150400', 17, '2025-10-28 18:19:19', '2025-10-28 18:19:19', NULL),
	(143, 'UCAYALI', '150500', 17, '2025-10-28 18:19:24', '2025-10-28 18:19:24', NULL),
	(144, 'DATEM DEL MARAÑON', '150700', 17, '2025-10-28 18:19:27', '2025-10-28 18:19:27', NULL),
	(145, 'PUTUMAYO', '150900', 17, '2025-10-28 18:19:30', '2025-10-28 18:19:30', NULL),
	(146, 'TAMBOPATA', '160100', 18, '2025-10-28 18:19:33', '2025-10-28 18:19:33', NULL),
	(147, 'MANU', '160200', 18, '2025-10-28 18:19:35', '2025-10-28 18:19:35', NULL),
	(148, 'TAHUAMANU', '160300', 18, '2025-10-28 18:19:37', '2025-10-28 18:19:37', NULL),
	(149, 'MARISCAL NIETO', '170100', 19, '2025-10-28 18:19:40', '2025-10-28 18:19:40', NULL),
	(150, 'GENERAL SANCHEZ CERR', '170200', 19, '2025-10-28 18:19:43', '2025-10-28 18:19:43', NULL),
	(151, 'ILO', '170300', 19, '2025-10-28 18:19:50', '2025-10-28 18:19:50', NULL),
	(152, 'PASCO', '180100', 20, '2025-10-28 18:19:53', '2025-10-28 18:19:53', NULL),
	(153, 'DANIEL ALCIDES CARRI', '180200', 20, '2025-10-28 18:19:59', '2025-10-28 18:19:59', NULL),
	(154, 'OXAPAMPA', '180300', 20, '2025-10-28 18:20:02', '2025-10-28 18:20:02', NULL),
	(155, 'PIURA', '190100', 21, '2025-10-28 18:20:07', '2025-10-28 18:20:07', NULL),
	(156, 'AYABACA', '190200', 21, '2025-10-28 18:20:12', '2025-10-28 18:20:12', NULL),
	(157, 'HUANCABAMBA', '190300', 21, '2025-10-28 18:20:17', '2025-10-28 18:20:17', NULL),
	(158, 'MORROPON', '190400', 21, '2025-10-28 18:20:21', '2025-10-28 18:20:21', NULL),
	(159, 'PAITA', '190500', 21, '2025-10-28 18:20:26', '2025-10-28 18:20:26', NULL),
	(160, 'SULLANA', '190600', 21, '2025-10-28 18:20:29', '2025-10-28 18:20:29', NULL),
	(161, 'TALARA', '190700', 21, '2025-10-28 18:20:33', '2025-10-28 18:20:33', NULL),
	(162, 'SECHURA', '190800', 21, '2025-10-28 18:20:37', '2025-10-28 18:20:37', NULL),
	(163, 'PUNO', '200100', 22, '2025-10-28 18:20:40', '2025-10-28 18:20:40', NULL),
	(164, 'AZANGARO', '200200', 22, '2025-10-28 18:20:47', '2025-10-28 18:20:47', NULL),
	(165, 'CARABAYA', '200300', 22, '2025-10-28 18:20:54', '2025-10-28 18:20:54', NULL),
	(166, 'CHUCUITO', '200400', 22, '2025-10-28 18:21:00', '2025-10-28 18:21:00', NULL),
	(167, 'EL COLLAO', '201200', 22, '2025-10-28 18:21:03', '2025-10-28 18:21:03', NULL),
	(168, 'HUANCANE', '200500', 22, '2025-10-28 18:21:06', '2025-10-28 18:21:06', NULL),
	(169, 'LAMPA', '200600', 22, '2025-10-28 18:21:10', '2025-10-28 18:21:10', NULL),
	(170, 'MELGAR', '200700', 22, '2025-10-28 18:21:15', '2025-10-28 18:21:15', NULL),
	(171, 'MOHO', '201300', 22, '2025-10-28 18:21:19', '2025-10-28 18:21:19', NULL),
	(172, 'SAN ANTONIO DE PUTIN', '201100', 22, '2025-10-28 18:21:22', '2025-10-28 18:21:22', NULL),
	(173, 'SAN ROMAN', '200900', 22, '2025-10-28 18:21:25', '2025-10-28 18:21:25', NULL),
	(174, 'SANDIA', '200800', 22, '2025-10-28 18:21:29', '2025-10-28 18:21:29', NULL),
	(175, 'YUNGUYO', '201000', 22, '2025-10-28 18:21:34', '2025-10-28 18:21:34', NULL),
	(176, 'MOYOBAMBA', '210100', 23, '2025-10-28 18:21:38', '2025-10-28 18:21:38', NULL),
	(177, 'BELLAVISTA', '210700', 23, '2025-10-28 18:21:41', '2025-10-28 18:21:41', NULL),
	(178, 'EL DORADO', '211000', 23, '2025-10-28 18:21:44', '2025-10-28 18:21:44', NULL),
	(179, 'HUALLAGA', '210200', 23, '2025-10-28 18:21:47', '2025-10-28 18:21:47', NULL),
	(180, 'LAMAS', '210300', 23, '2025-10-28 18:21:52', '2025-10-28 18:21:52', NULL),
	(181, 'MARISCAL CACERES', '210400', 23, '2025-10-28 18:21:57', '2025-10-28 18:21:57', NULL),
	(182, 'PICOTA', '210900', 23, '2025-10-28 18:21:59', '2025-10-28 18:21:59', NULL),
	(183, 'RIOJA', '210500', 23, '2025-10-28 18:22:04', '2025-10-28 18:22:04', NULL),
	(184, 'SAN MARTIN', '210600', 23, '2025-10-28 18:22:08', '2025-10-28 18:22:08', NULL),
	(185, 'TOCACHE', '210800', 23, '2025-10-28 18:22:16', '2025-10-28 18:22:16', NULL),
	(186, 'TACNA', '220100', 24, '2025-10-28 18:22:19', '2025-10-28 18:22:19', NULL),
	(187, 'CANDARAVE', '220400', 24, '2025-10-28 18:22:24', '2025-10-28 18:22:24', NULL),
	(188, 'JORGE BASADRE', '220300', 24, '2025-10-28 18:22:27', '2025-10-28 18:22:27', NULL),
	(189, 'TARATA', '220200', 24, '2025-10-28 18:22:29', '2025-10-28 18:22:29', NULL),
	(190, 'TUMBES', '230100', 25, '2025-10-28 18:22:34', '2025-10-28 18:22:34', NULL),
	(191, 'CONTRALMIRANTE VILLA', '230200', 25, '2025-10-28 18:22:37', '2025-10-28 18:22:37', NULL),
	(192, 'ZARUMILLA', '230300', 25, '2025-10-28 18:22:39', '2025-10-28 18:22:39', NULL),
	(193, 'CORONEL PORTILLO', '250100', 26, '2025-10-28 18:22:42', '2025-10-28 18:22:42', NULL),
	(194, 'ATALAYA', '250300', 26, '2025-10-28 18:22:45', '2025-10-28 18:22:45', NULL),
	(195, 'PADRE ABAD', '250200', 26, '2025-10-28 18:22:48', '2025-10-28 18:22:48', NULL),
	(196, 'PURUS', '250400', 26, '2025-10-28 18:22:52', '2025-10-28 18:22:52', NULL);
/*!40000 ALTER TABLE "provinces" ENABLE KEYS */;

-- Dumping structure for table public.districts
CREATE TABLE IF NOT EXISTS "districts" (
	"id" SERIAL NOT NULL,
	"name" VARCHAR(255) NOT NULL,
	"code" VARCHAR(10) NOT NULL,
	"department_id" BIGINT NOT NULL,
	"province_id" BIGINT NOT NULL,
	"created_at" TIMESTAMP NULL DEFAULT NULL,
	"updated_at" TIMESTAMP NULL DEFAULT NULL,
	"deleted_at" TIMESTAMP NULL DEFAULT NULL,
	PRIMARY KEY ("id"),
	CONSTRAINT "districts_department_id_foreign" FOREIGN KEY ("department_id") REFERENCES "departments" ("id") ON UPDATE NO ACTION ON DELETE CASCADE,
	CONSTRAINT "districts_province_id_foreign" FOREIGN KEY ("province_id") REFERENCES "provinces" ("id") ON UPDATE NO ACTION ON DELETE CASCADE
);

-- Dumping data for table public.districts: 1,775 rows
/*!40000 ALTER TABLE "districts" DISABLE KEYS */;
INSERT INTO "districts" ("id", "name", "code", "department_id", "province_id", "created_at", "updated_at", "deleted_at") VALUES
	(1308, 'LINCE', '140111', 16, 128, '2025-10-28 18:17:51', '2025-10-28 18:17:51', NULL),
	(1, 'CHACHAPOYAS', '010101', 2, 1, '2025-10-28 18:07:00', '2025-10-28 18:07:00', NULL),
	(2, 'ASUNCION', '010102', 2, 1, '2025-10-28 18:07:00', '2025-10-28 18:07:00', NULL),
	(3, 'BALSAS', '010103', 2, 1, '2025-10-28 18:07:01', '2025-10-28 18:07:01', NULL),
	(4, 'CHETO', '010104', 2, 1, '2025-10-28 18:07:01', '2025-10-28 18:07:01', NULL),
	(5, 'CHILIQUIN', '010105', 2, 1, '2025-10-28 18:07:02', '2025-10-28 18:07:02', NULL),
	(6, 'CHUQUIBAMBA', '010106', 2, 1, '2025-10-28 18:07:02', '2025-10-28 18:07:02', NULL),
	(7, 'GRANADA', '010107', 2, 1, '2025-10-28 18:07:02', '2025-10-28 18:07:02', NULL),
	(8, 'HUANCAS', '010108', 2, 1, '2025-10-28 18:07:03', '2025-10-28 18:07:03', NULL),
	(9, 'LA JALCA', '010109', 2, 1, '2025-10-28 18:07:03', '2025-10-28 18:07:03', NULL),
	(10, 'LEIMEBAMBA', '010110', 2, 1, '2025-10-28 18:07:04', '2025-10-28 18:07:04', NULL),
	(11, 'LEVANTO', '010111', 2, 1, '2025-10-28 18:07:04', '2025-10-28 18:07:04', NULL),
	(12, 'MAGDALENA', '010112', 2, 1, '2025-10-28 18:07:05', '2025-10-28 18:07:05', NULL),
	(13, 'MARISCAL CASTILLA', '010113', 2, 1, '2025-10-28 18:07:05', '2025-10-28 18:07:05', NULL),
	(14, 'MOLINOPAMPA', '010114', 2, 1, '2025-10-28 18:07:05', '2025-10-28 18:07:05', NULL),
	(15, 'MONTEVIDEO', '010115', 2, 1, '2025-10-28 18:07:06', '2025-10-28 18:07:06', NULL),
	(16, 'OLLEROS', '010116', 2, 1, '2025-10-28 18:07:06', '2025-10-28 18:07:06', NULL),
	(17, 'QUINJALCA', '010117', 2, 1, '2025-10-28 18:07:07', '2025-10-28 18:07:07', NULL),
	(18, 'SAN FRANCISCO DE DAG', '010118', 2, 1, '2025-10-28 18:07:07', '2025-10-28 18:07:07', NULL),
	(19, 'SAN ISIDRO DE MAINO', '010119', 2, 1, '2025-10-28 18:07:07', '2025-10-28 18:07:07', NULL),
	(20, 'SOLOCO', '010120', 2, 1, '2025-10-28 18:07:08', '2025-10-28 18:07:08', NULL),
	(21, 'SONCHE', '010121', 2, 1, '2025-10-28 18:07:08', '2025-10-28 18:07:08', NULL),
	(22, 'BAGUA', '010205', 2, 2, '2025-10-28 18:07:09', '2025-10-28 18:07:09', NULL),
	(23, 'ARAMANGO', '010202', 2, 2, '2025-10-28 18:07:10', '2025-10-28 18:07:10', NULL),
	(24, 'COPALLIN', '010203', 2, 2, '2025-10-28 18:07:10', '2025-10-28 18:07:10', NULL),
	(25, 'EL PARCO', '010204', 2, 2, '2025-10-28 18:07:11', '2025-10-28 18:07:11', NULL),
	(26, 'IMAZA', '010206', 2, 2, '2025-10-28 18:07:12', '2025-10-28 18:07:12', NULL),
	(27, 'LA PECA', '010201', 2, 2, '2025-10-28 18:07:12', '2025-10-28 18:07:12', NULL),
	(28, 'JUMBILLA', '010301', 2, 3, '2025-10-28 18:07:13', '2025-10-28 18:07:13', NULL),
	(29, 'CHISQUILLA', '010304', 2, 3, '2025-10-28 18:07:13', '2025-10-28 18:07:13', NULL),
	(30, 'CHURUJA', '010305', 2, 3, '2025-10-28 18:07:14', '2025-10-28 18:07:14', NULL),
	(31, 'COROSHA', '010302', 2, 3, '2025-10-28 18:07:14', '2025-10-28 18:07:14', NULL),
	(32, 'CUISPES', '010303', 2, 3, '2025-10-28 18:07:15', '2025-10-28 18:07:15', NULL),
	(33, 'FLORIDA', '010306', 2, 3, '2025-10-28 18:07:15', '2025-10-28 18:07:15', NULL),
	(34, 'JAZAN', '010312', 2, 3, '2025-10-28 18:07:16', '2025-10-28 18:07:16', NULL),
	(35, 'RECTA', '010307', 2, 3, '2025-10-28 18:07:16', '2025-10-28 18:07:16', NULL),
	(36, 'SAN CARLOS', '010308', 2, 3, '2025-10-28 18:07:16', '2025-10-28 18:07:16', NULL),
	(37, 'SHIPASBAMBA', '010309', 2, 3, '2025-10-28 18:07:17', '2025-10-28 18:07:17', NULL),
	(38, 'VALERA', '010310', 2, 3, '2025-10-28 18:07:17', '2025-10-28 18:07:17', NULL),
	(39, 'YAMBRASBAMBA', '010311', 2, 3, '2025-10-28 18:07:18', '2025-10-28 18:07:18', NULL),
	(40, 'NIEVA', '010601', 2, 4, '2025-10-28 18:07:18', '2025-10-28 18:07:18', NULL),
	(41, 'EL CENEPA', '010603', 2, 4, '2025-10-28 18:07:19', '2025-10-28 18:07:19', NULL),
	(42, 'RIO SANTIAGO', '010602', 2, 4, '2025-10-28 18:07:19', '2025-10-28 18:07:19', NULL),
	(43, 'LAMUD', '010401', 2, 5, '2025-10-28 18:07:20', '2025-10-28 18:07:20', NULL),
	(44, 'CAMPORREDONDO', '010402', 2, 5, '2025-10-28 18:07:21', '2025-10-28 18:07:21', NULL),
	(45, 'COCABAMBA', '010403', 2, 5, '2025-10-28 18:07:21', '2025-10-28 18:07:21', NULL),
	(46, 'COLCAMAR', '010404', 2, 5, '2025-10-28 18:07:21', '2025-10-28 18:07:21', NULL),
	(47, 'CONILA', '010405', 2, 5, '2025-10-28 18:07:22', '2025-10-28 18:07:22', NULL),
	(48, 'INGUILPATA', '010406', 2, 5, '2025-10-28 18:07:22', '2025-10-28 18:07:22', NULL),
	(49, 'LONGUITA', '010407', 2, 5, '2025-10-28 18:07:23', '2025-10-28 18:07:23', NULL),
	(50, 'LONYA CHICO', '010408', 2, 5, '2025-10-28 18:07:23', '2025-10-28 18:07:23', NULL),
	(51, 'LUYA', '010409', 2, 5, '2025-10-28 18:07:23', '2025-10-28 18:07:23', NULL),
	(52, 'LUYA VIEJO', '010410', 2, 5, '2025-10-28 18:07:24', '2025-10-28 18:07:24', NULL),
	(53, 'MARIA', '010411', 2, 5, '2025-10-28 18:07:24', '2025-10-28 18:07:24', NULL),
	(54, 'OCALLI', '010412', 2, 5, '2025-10-28 18:07:25', '2025-10-28 18:07:25', NULL),
	(55, 'OCUMAL', '010413', 2, 5, '2025-10-28 18:07:25', '2025-10-28 18:07:25', NULL),
	(56, 'PISUQUIA', '010414', 2, 5, '2025-10-28 18:07:25', '2025-10-28 18:07:25', NULL),
	(57, 'PROVIDENCIA', '010423', 2, 5, '2025-10-28 18:07:26', '2025-10-28 18:07:26', NULL),
	(58, 'SAN CRISTOBAL', '010415', 2, 5, '2025-10-28 18:07:26', '2025-10-28 18:07:26', NULL),
	(59, 'SAN FRANCISCO DEL YE', '010416', 2, 5, '2025-10-28 18:07:27', '2025-10-28 18:07:27', NULL),
	(60, 'SAN JERONIMO', '010417', 2, 5, '2025-10-28 18:07:27', '2025-10-28 18:07:27', NULL),
	(61, 'SAN JUAN DE LOPECANC', '010418', 2, 5, '2025-10-28 18:07:28', '2025-10-28 18:07:28', NULL),
	(62, 'SANTA CATALINA', '010419', 2, 5, '2025-10-28 18:07:28', '2025-10-28 18:07:28', NULL),
	(63, 'SANTO TOMAS', '010420', 2, 5, '2025-10-28 18:07:28', '2025-10-28 18:07:28', NULL),
	(64, 'TINGO', '010421', 2, 5, '2025-10-28 18:07:29', '2025-10-28 18:07:29', NULL),
	(65, 'TRITA', '010422', 2, 5, '2025-10-28 18:07:29', '2025-10-28 18:07:29', NULL),
	(66, 'SAN NICOLAS', '010501', 2, 6, '2025-10-28 18:07:30', '2025-10-28 18:07:30', NULL),
	(67, 'CHIRIMOTO', '010503', 2, 6, '2025-10-28 18:07:30', '2025-10-28 18:07:30', NULL),
	(68, 'COCHAMAL', '010502', 2, 6, '2025-10-28 18:07:31', '2025-10-28 18:07:31', NULL),
	(69, 'HUAMBO', '010504', 2, 6, '2025-10-28 18:07:31', '2025-10-28 18:07:31', NULL),
	(70, 'LIMABAMBA', '010505', 2, 6, '2025-10-28 18:07:32', '2025-10-28 18:07:32', NULL),
	(71, 'LONGAR', '010506', 2, 6, '2025-10-28 18:07:33', '2025-10-28 18:07:33', NULL),
	(72, 'MARISCAL BENAVIDES', '010508', 2, 6, '2025-10-28 18:07:33', '2025-10-28 18:07:33', NULL),
	(73, 'MILPUC', '010507', 2, 6, '2025-10-28 18:07:34', '2025-10-28 18:07:34', NULL),
	(74, 'OMIA', '010509', 2, 6, '2025-10-28 18:07:34', '2025-10-28 18:07:34', NULL),
	(75, 'SANTA ROSA', '010510', 2, 6, '2025-10-28 18:07:35', '2025-10-28 18:07:35', NULL),
	(76, 'TOTORA', '010511', 2, 6, '2025-10-28 18:07:36', '2025-10-28 18:07:36', NULL),
	(77, 'VISTA ALEGRE', '010512', 2, 6, '2025-10-28 18:07:36', '2025-10-28 18:07:36', NULL),
	(78, 'BAGUA GRANDE', '010701', 2, 7, '2025-10-28 18:07:37', '2025-10-28 18:07:37', NULL),
	(79, 'CAJARURO', '010702', 2, 7, '2025-10-28 18:07:38', '2025-10-28 18:07:38', NULL),
	(80, 'CUMBA', '010703', 2, 7, '2025-10-28 18:07:38', '2025-10-28 18:07:38', NULL),
	(81, 'EL MILAGRO', '010704', 2, 7, '2025-10-28 18:07:38', '2025-10-28 18:07:38', NULL),
	(82, 'JAMALCA', '010705', 2, 7, '2025-10-28 18:07:39', '2025-10-28 18:07:39', NULL),
	(83, 'LONYA GRANDE', '010706', 2, 7, '2025-10-28 18:07:39', '2025-10-28 18:07:39', NULL),
	(84, 'YAMON', '010707', 2, 7, '2025-10-28 18:07:40', '2025-10-28 18:07:40', NULL),
	(85, 'HUARAZ', '020101', 3, 8, '2025-10-28 18:07:41', '2025-10-28 18:07:41', NULL),
	(86, 'COCHABAMBA', '020103', 3, 8, '2025-10-28 18:07:42', '2025-10-28 18:07:42', NULL),
	(87, 'COLCABAMBA', '020104', 3, 8, '2025-10-28 18:07:42', '2025-10-28 18:07:42', NULL),
	(88, 'HUANCHAY', '020105', 3, 8, '2025-10-28 18:07:42', '2025-10-28 18:07:42', NULL),
	(89, 'INDEPENDENCIA', '020102', 3, 8, '2025-10-28 18:07:43', '2025-10-28 18:07:43', NULL),
	(90, 'JANGAS', '020106', 3, 8, '2025-10-28 18:07:44', '2025-10-28 18:07:44', NULL),
	(91, 'LA LIBERTAD', '020107', 3, 8, '2025-10-28 18:07:44', '2025-10-28 18:07:44', NULL),
	(92, 'OLLEROS', '020108', 3, 8, '2025-10-28 18:07:45', '2025-10-28 18:07:45', NULL),
	(93, 'PAMPAS', '020109', 3, 8, '2025-10-28 18:07:45', '2025-10-28 18:07:45', NULL),
	(94, 'PARIACOTO', '020110', 3, 8, '2025-10-28 18:07:45', '2025-10-28 18:07:45', NULL),
	(95, 'PIRA', '020111', 3, 8, '2025-10-28 18:07:46', '2025-10-28 18:07:46', NULL),
	(96, 'TARICA', '020112', 3, 8, '2025-10-28 18:07:46', '2025-10-28 18:07:46', NULL),
	(97, 'AIJA', '020201', 3, 9, '2025-10-28 18:07:47', '2025-10-28 18:07:47', NULL),
	(98, 'CORIS', '020203', 3, 9, '2025-10-28 18:07:48', '2025-10-28 18:07:48', NULL),
	(99, 'HUACLLAN', '020205', 3, 9, '2025-10-28 18:07:48', '2025-10-28 18:07:48', NULL),
	(100, 'LA MERCED', '020206', 3, 9, '2025-10-28 18:07:49', '2025-10-28 18:07:49', NULL),
	(101, 'SUCCHA', '020208', 3, 9, '2025-10-28 18:07:49', '2025-10-28 18:07:49', NULL),
	(102, 'LLAMELLIN', '021601', 3, 10, '2025-10-28 18:07:50', '2025-10-28 18:07:50', NULL),
	(103, 'ACZO', '021602', 3, 10, '2025-10-28 18:07:51', '2025-10-28 18:07:51', NULL),
	(104, 'CHACCHO', '021603', 3, 10, '2025-10-28 18:07:51', '2025-10-28 18:07:51', NULL),
	(105, 'CHINGAS', '021604', 3, 10, '2025-10-28 18:07:52', '2025-10-28 18:07:52', NULL),
	(106, 'MIRGAS', '021605', 3, 10, '2025-10-28 18:07:52', '2025-10-28 18:07:52', NULL),
	(107, 'SAN JUAN DE RONTOY', '021606', 3, 10, '2025-10-28 18:07:52', '2025-10-28 18:07:52', NULL),
	(108, 'CHACAS', '021801', 3, 11, '2025-10-28 18:07:55', '2025-10-28 18:07:55', NULL),
	(109, 'ACOCHACA', '021802', 3, 11, '2025-10-28 18:07:55', '2025-10-28 18:07:55', NULL),
	(110, 'CHIQUIAN', '020301', 3, 12, '2025-10-28 18:07:58', '2025-10-28 18:07:58', NULL),
	(111, 'ABELARDO PARDO LEZAM', '020302', 3, 12, '2025-10-28 18:07:58', '2025-10-28 18:07:58', NULL),
	(112, 'ANTONIO RAYMONDI', '020321', 3, 12, '2025-10-28 18:07:59', '2025-10-28 18:07:59', NULL),
	(113, 'AQUIA', '020304', 3, 12, '2025-10-28 18:08:00', '2025-10-28 18:08:00', NULL),
	(114, 'CAJACAY', '020305', 3, 12, '2025-10-28 18:08:00', '2025-10-28 18:08:00', NULL),
	(115, 'CANIS', '020322', 3, 12, '2025-10-28 18:08:01', '2025-10-28 18:08:01', NULL),
	(116, 'COLQUIOC', '020323', 3, 12, '2025-10-28 18:08:01', '2025-10-28 18:08:01', NULL),
	(117, 'HUALLANCA', '020325', 3, 12, '2025-10-28 18:08:01', '2025-10-28 18:08:01', NULL),
	(118, 'HUASTA', '020311', 3, 12, '2025-10-28 18:08:02', '2025-10-28 18:08:02', NULL),
	(119, 'HUAYLLACAYAN', '020310', 3, 12, '2025-10-28 18:08:02', '2025-10-28 18:08:02', NULL),
	(120, 'LA PRIMAVERA', '020324', 3, 12, '2025-10-28 18:08:03', '2025-10-28 18:08:03', NULL),
	(121, 'MANGAS', '020313', 3, 12, '2025-10-28 18:08:03', '2025-10-28 18:08:03', NULL),
	(122, 'PACLLON', '020315', 3, 12, '2025-10-28 18:08:04', '2025-10-28 18:08:04', NULL),
	(123, 'SAN MIGUEL DE CORPAN', '020317', 3, 12, '2025-10-28 18:08:04', '2025-10-28 18:08:04', NULL),
	(124, 'TICLLOS', '020320', 3, 12, '2025-10-28 18:08:05', '2025-10-28 18:08:05', NULL),
	(125, 'CARHUAZ', '020401', 3, 13, '2025-10-28 18:08:06', '2025-10-28 18:08:06', NULL),
	(126, 'ACOPAMPA', '020402', 3, 13, '2025-10-28 18:08:06', '2025-10-28 18:08:06', NULL),
	(127, 'AMASHCA', '020403', 3, 13, '2025-10-28 18:08:06', '2025-10-28 18:08:06', NULL),
	(128, 'ANTA', '020404', 3, 13, '2025-10-28 18:08:07', '2025-10-28 18:08:07', NULL),
	(129, 'ATAQUERO', '020405', 3, 13, '2025-10-28 18:08:07', '2025-10-28 18:08:07', NULL),
	(130, 'MARCARA', '020406', 3, 13, '2025-10-28 18:08:08', '2025-10-28 18:08:08', NULL),
	(131, 'PARIAHUANCA', '020407', 3, 13, '2025-10-28 18:08:08', '2025-10-28 18:08:08', NULL),
	(132, 'SAN MIGUEL DE ACO', '020408', 3, 13, '2025-10-28 18:08:09', '2025-10-28 18:08:09', NULL),
	(133, 'SHILLA', '020409', 3, 13, '2025-10-28 18:08:09', '2025-10-28 18:08:09', NULL),
	(134, 'TINCO', '020410', 3, 13, '2025-10-28 18:08:09', '2025-10-28 18:08:09', NULL),
	(135, 'YUNGAR', '020411', 3, 13, '2025-10-28 18:08:10', '2025-10-28 18:08:10', NULL),
	(136, 'SAN LUIS', '021701', 3, 14, '2025-10-28 18:08:11', '2025-10-28 18:08:11', NULL),
	(137, 'SAN NICOLAS', '021703', 3, 14, '2025-10-28 18:08:11', '2025-10-28 18:08:11', NULL),
	(138, 'YAUYA', '021702', 3, 14, '2025-10-28 18:08:11', '2025-10-28 18:08:11', NULL),
	(139, 'CASMA', '020501', 3, 15, '2025-10-28 18:08:12', '2025-10-28 18:08:12', NULL),
	(140, 'BUENA VISTA ALTA', '020502', 3, 15, '2025-10-28 18:08:13', '2025-10-28 18:08:13', NULL),
	(141, 'COMANDANTE NOEL', '020503', 3, 15, '2025-10-28 18:08:13', '2025-10-28 18:08:13', NULL),
	(142, 'YAUTAN', '020505', 3, 15, '2025-10-28 18:08:14', '2025-10-28 18:08:14', NULL),
	(143, 'CORONGO', '020601', 3, 16, '2025-10-28 18:08:14', '2025-10-28 18:08:14', NULL),
	(144, 'ACO', '020602', 3, 16, '2025-10-28 18:08:15', '2025-10-28 18:08:15', NULL),
	(145, 'BAMBAS', '020603', 3, 16, '2025-10-28 18:08:15', '2025-10-28 18:08:15', NULL),
	(146, 'CUSCA', '020604', 3, 16, '2025-10-28 18:08:16', '2025-10-28 18:08:16', NULL),
	(147, 'LA PAMPA', '020605', 3, 16, '2025-10-28 18:08:16', '2025-10-28 18:08:16', NULL),
	(148, 'YANAC', '020606', 3, 16, '2025-10-28 18:08:16', '2025-10-28 18:08:16', NULL),
	(149, 'YUPAN', '020607', 3, 16, '2025-10-28 18:08:17', '2025-10-28 18:08:17', NULL),
	(150, 'HUARI', '020801', 3, 17, '2025-10-28 18:08:18', '2025-10-28 18:08:18', NULL),
	(151, 'ANRA', '020816', 3, 17, '2025-10-28 18:08:18', '2025-10-28 18:08:18', NULL),
	(152, 'CAJAY', '020802', 3, 17, '2025-10-28 18:08:19', '2025-10-28 18:08:19', NULL),
	(153, 'CHAVIN DE HUANTAR', '020803', 3, 17, '2025-10-28 18:08:19', '2025-10-28 18:08:19', NULL),
	(154, 'HUACACHI', '020804', 3, 17, '2025-10-28 18:08:19', '2025-10-28 18:08:19', NULL),
	(155, 'HUACCHIS', '020806', 3, 17, '2025-10-28 18:08:20', '2025-10-28 18:08:20', NULL),
	(156, 'HUACHIS', '020805', 3, 17, '2025-10-28 18:08:20', '2025-10-28 18:08:20', NULL),
	(157, 'HUANTAR', '020807', 3, 17, '2025-10-28 18:08:21', '2025-10-28 18:08:21', NULL),
	(158, 'MASIN', '020808', 3, 17, '2025-10-28 18:08:21', '2025-10-28 18:08:21', NULL),
	(159, 'PAUCAS', '020809', 3, 17, '2025-10-28 18:08:22', '2025-10-28 18:08:22', NULL),
	(160, 'PONTO', '020810', 3, 17, '2025-10-28 18:08:23', '2025-10-28 18:08:23', NULL),
	(161, 'RAHUAPAMPA', '020811', 3, 17, '2025-10-28 18:08:23', '2025-10-28 18:08:23', NULL),
	(162, 'RAPAYAN', '020812', 3, 17, '2025-10-28 18:08:24', '2025-10-28 18:08:24', NULL),
	(163, 'SAN MARCOS', '020813', 3, 17, '2025-10-28 18:08:24', '2025-10-28 18:08:24', NULL),
	(164, 'SAN PEDRO DE CHANA', '020814', 3, 17, '2025-10-28 18:08:24', '2025-10-28 18:08:24', NULL),
	(165, 'UCO', '020815', 3, 17, '2025-10-28 18:08:25', '2025-10-28 18:08:25', NULL),
	(166, 'HUARMEY', '021901', 3, 18, '2025-10-28 18:08:26', '2025-10-28 18:08:26', NULL),
	(167, 'COCHAPETI', '021902', 3, 18, '2025-10-28 18:08:26', '2025-10-28 18:08:26', NULL),
	(168, 'CULEBRAS', '021905', 3, 18, '2025-10-28 18:08:27', '2025-10-28 18:08:27', NULL),
	(169, 'HUAYAN', '021903', 3, 18, '2025-10-28 18:08:27', '2025-10-28 18:08:27', NULL),
	(170, 'MALVAS', '021904', 3, 18, '2025-10-28 18:08:28', '2025-10-28 18:08:28', NULL),
	(171, 'CARAZ', '020701', 3, 19, '2025-10-28 18:08:29', '2025-10-28 18:08:29', NULL),
	(172, 'HUALLANCA', '020702', 3, 19, '2025-10-28 18:08:29', '2025-10-28 18:08:29', NULL),
	(173, 'HUATA', '020703', 3, 19, '2025-10-28 18:08:30', '2025-10-28 18:08:30', NULL),
	(174, 'HUAYLAS', '020704', 3, 19, '2025-10-28 18:08:30', '2025-10-28 18:08:30', NULL),
	(175, 'MATO', '020705', 3, 19, '2025-10-28 18:08:30', '2025-10-28 18:08:30', NULL),
	(176, 'PAMPAROMAS', '020706', 3, 19, '2025-10-28 18:08:31', '2025-10-28 18:08:31', NULL),
	(177, 'PUEBLO LIBRE', '020707', 3, 19, '2025-10-28 18:08:31', '2025-10-28 18:08:31', NULL),
	(178, 'SANTA CRUZ', '020708', 3, 19, '2025-10-28 18:08:32', '2025-10-28 18:08:32', NULL),
	(179, 'SANTO TORIBIO', '020710', 3, 19, '2025-10-28 18:08:32', '2025-10-28 18:08:32', NULL),
	(180, 'YURACMARCA', '020709', 3, 19, '2025-10-28 18:08:33', '2025-10-28 18:08:33', NULL),
	(181, 'PISCOBAMBA', '020901', 3, 20, '2025-10-28 18:08:34', '2025-10-28 18:08:34', NULL),
	(182, 'CASCA', '020902', 3, 20, '2025-10-28 18:08:34', '2025-10-28 18:08:34', NULL),
	(183, 'ELEAZAR GUZMAN BARRO', '020908', 3, 20, '2025-10-28 18:08:34', '2025-10-28 18:08:34', NULL),
	(184, 'FIDEL OLIVAS ESCUDER', '020904', 3, 20, '2025-10-28 18:08:35', '2025-10-28 18:08:35', NULL),
	(185, 'LLAMA', '020905', 3, 20, '2025-10-28 18:08:35', '2025-10-28 18:08:35', NULL),
	(186, 'LLUMPA', '020906', 3, 20, '2025-10-28 18:08:36', '2025-10-28 18:08:36', NULL),
	(187, 'LUCMA', '020903', 3, 20, '2025-10-28 18:08:36', '2025-10-28 18:08:36', NULL),
	(188, 'MUSGA', '020907', 3, 20, '2025-10-28 18:08:36', '2025-10-28 18:08:36', NULL),
	(189, 'OCROS', '022007', 3, 21, '2025-10-28 18:08:37', '2025-10-28 18:08:37', NULL),
	(190, 'ACAS', '022001', 3, 21, '2025-10-28 18:08:38', '2025-10-28 18:08:38', NULL),
	(191, 'CAJAMARQUILLA', '022002', 3, 21, '2025-10-28 18:08:38', '2025-10-28 18:08:38', NULL),
	(192, 'CARHUAPAMPA', '022003', 3, 21, '2025-10-28 18:08:39', '2025-10-28 18:08:39', NULL),
	(193, 'COCHAS', '022004', 3, 21, '2025-10-28 18:08:39', '2025-10-28 18:08:39', NULL),
	(194, 'CONGAS', '022005', 3, 21, '2025-10-28 18:08:40', '2025-10-28 18:08:40', NULL),
	(195, 'LLIPA', '022006', 3, 21, '2025-10-28 18:08:40', '2025-10-28 18:08:40', NULL),
	(196, 'SAN CRISTOBAL DE RAJ', '022008', 3, 21, '2025-10-28 18:08:41', '2025-10-28 18:08:41', NULL),
	(197, 'SAN PEDRO', '022009', 3, 21, '2025-10-28 18:08:41', '2025-10-28 18:08:41', NULL),
	(198, 'SANTIAGO DE CHILCAS', '022010', 3, 21, '2025-10-28 18:08:42', '2025-10-28 18:08:42', NULL),
	(199, 'CABANA', '021001', 3, 22, '2025-10-28 18:08:43', '2025-10-28 18:08:43', NULL),
	(200, 'BOLOGNESI', '021002', 3, 22, '2025-10-28 18:08:43', '2025-10-28 18:08:43', NULL),
	(201, 'CONCHUCOS', '021003', 3, 22, '2025-10-28 18:08:44', '2025-10-28 18:08:44', NULL),
	(202, 'HUACASCHUQUE', '021004', 3, 22, '2025-10-28 18:08:44', '2025-10-28 18:08:44', NULL),
	(203, 'HUANDOVAL', '021005', 3, 22, '2025-10-28 18:08:44', '2025-10-28 18:08:44', NULL),
	(204, 'LACABAMBA', '021006', 3, 22, '2025-10-28 18:08:45', '2025-10-28 18:08:45', NULL),
	(205, 'LLAPO', '021007', 3, 22, '2025-10-28 18:08:45', '2025-10-28 18:08:45', NULL),
	(206, 'PALLASCA', '021008', 3, 22, '2025-10-28 18:08:46', '2025-10-28 18:08:46', NULL),
	(207, 'PAMPAS', '021009', 3, 22, '2025-10-28 18:08:46', '2025-10-28 18:08:46', NULL),
	(208, 'SANTA ROSA', '021010', 3, 22, '2025-10-28 18:08:47', '2025-10-28 18:08:47', NULL),
	(209, 'TAUCA', '021011', 3, 22, '2025-10-28 18:08:47', '2025-10-28 18:08:47', NULL),
	(210, 'POMABAMBA', '021101', 3, 23, '2025-10-28 18:08:48', '2025-10-28 18:08:48', NULL),
	(211, 'HUAYLLAN', '021102', 3, 23, '2025-10-28 18:08:49', '2025-10-28 18:08:49', NULL),
	(212, 'PAROBAMBA', '021103', 3, 23, '2025-10-28 18:08:49', '2025-10-28 18:08:49', NULL),
	(213, 'QUINUABAMBA', '021104', 3, 23, '2025-10-28 18:08:49', '2025-10-28 18:08:49', NULL),
	(214, 'RECUAY', '021201', 3, 24, '2025-10-28 18:08:50', '2025-10-28 18:08:50', NULL),
	(215, 'CATAC', '021210', 3, 24, '2025-10-28 18:08:51', '2025-10-28 18:08:51', NULL),
	(216, 'COTAPARACO', '021202', 3, 24, '2025-10-28 18:08:51', '2025-10-28 18:08:51', NULL),
	(217, 'HUAYLLAPAMPA', '021203', 3, 24, '2025-10-28 18:08:52', '2025-10-28 18:08:52', NULL),
	(218, 'LLACLLIN', '021209', 3, 24, '2025-10-28 18:08:52', '2025-10-28 18:08:52', NULL),
	(219, 'MARCA', '021204', 3, 24, '2025-10-28 18:08:53', '2025-10-28 18:08:53', NULL),
	(220, 'PAMPAS CHICO', '021205', 3, 24, '2025-10-28 18:08:53', '2025-10-28 18:08:53', NULL),
	(221, 'PARARIN', '021206', 3, 24, '2025-10-28 18:08:54', '2025-10-28 18:08:54', NULL),
	(222, 'TAPACOCHA', '021207', 3, 24, '2025-10-28 18:08:54', '2025-10-28 18:08:54', NULL),
	(223, 'TICAPAMPA', '021208', 3, 24, '2025-10-28 18:08:54', '2025-10-28 18:08:54', NULL),
	(224, 'CHIMBOTE', '021301', 3, 25, '2025-10-28 18:08:55', '2025-10-28 18:08:55', NULL),
	(225, 'CACERES DEL PERU', '021302', 3, 25, '2025-10-28 18:08:56', '2025-10-28 18:08:56', NULL),
	(226, 'COISHCO', '021308', 3, 25, '2025-10-28 18:08:56', '2025-10-28 18:08:56', NULL),
	(227, 'MACATE', '021303', 3, 25, '2025-10-28 18:08:57', '2025-10-28 18:08:57', NULL),
	(228, 'MORO', '021304', 3, 25, '2025-10-28 18:08:57', '2025-10-28 18:08:57', NULL),
	(229, 'NEPEÑA', '021305', 3, 25, '2025-10-28 18:08:57', '2025-10-28 18:08:57', NULL),
	(230, 'SAMANCO', '021306', 3, 25, '2025-10-28 18:08:58', '2025-10-28 18:08:58', NULL),
	(231, 'SANTA', '021307', 3, 25, '2025-10-28 18:08:58', '2025-10-28 18:08:58', NULL),
	(232, 'NUEVO CHIMBOTE', '021309', 3, 25, '2025-10-28 18:08:59', '2025-10-28 18:08:59', NULL),
	(233, 'SIHUAS', '021401', 3, 26, '2025-10-28 18:09:00', '2025-10-28 18:09:00', NULL),
	(234, 'ACOBAMBA', '021407', 3, 26, '2025-10-28 18:09:00', '2025-10-28 18:09:00', NULL),
	(235, 'ALFONSO UGARTE', '021402', 3, 26, '2025-10-28 18:09:00', '2025-10-28 18:09:00', NULL),
	(236, 'CASHAPAMPA', '021408', 3, 26, '2025-10-28 18:09:01', '2025-10-28 18:09:01', NULL),
	(237, 'CHINGALPO', '021403', 3, 26, '2025-10-28 18:09:01', '2025-10-28 18:09:01', NULL),
	(238, 'HUAYLLABAMBA', '021404', 3, 26, '2025-10-28 18:09:02', '2025-10-28 18:09:02', NULL),
	(239, 'QUICHES', '021405', 3, 26, '2025-10-28 18:09:02', '2025-10-28 18:09:02', NULL),
	(240, 'RAGASH', '021409', 3, 26, '2025-10-28 18:09:03', '2025-10-28 18:09:03', NULL),
	(241, 'SAN JUAN', '021410', 3, 26, '2025-10-28 18:09:03', '2025-10-28 18:09:03', NULL),
	(242, 'SICSIBAMBA', '021406', 3, 26, '2025-10-28 18:09:03', '2025-10-28 18:09:03', NULL),
	(243, 'YUNGAY', '021501', 3, 27, '2025-10-28 18:09:04', '2025-10-28 18:09:04', NULL),
	(244, 'CASCAPARA', '021502', 3, 27, '2025-10-28 18:09:05', '2025-10-28 18:09:05', NULL),
	(245, 'MANCOS', '021503', 3, 27, '2025-10-28 18:09:05', '2025-10-28 18:09:05', NULL),
	(246, 'MATACOTO', '021504', 3, 27, '2025-10-28 18:09:06', '2025-10-28 18:09:06', NULL),
	(247, 'QUILLO', '021505', 3, 27, '2025-10-28 18:09:06', '2025-10-28 18:09:06', NULL),
	(248, 'RANRAHIRCA', '021506', 3, 27, '2025-10-28 18:09:07', '2025-10-28 18:09:07', NULL),
	(249, 'SHUPLUY', '021507', 3, 27, '2025-10-28 18:09:07', '2025-10-28 18:09:07', NULL),
	(250, 'YANAMA', '021508', 3, 27, '2025-10-28 18:09:08', '2025-10-28 18:09:08', NULL),
	(251, 'ABANCAY', '030101', 4, 28, '2025-10-28 18:09:09', '2025-10-28 18:09:09', NULL),
	(252, 'CHACOCHE', '030104', 4, 28, '2025-10-28 18:09:10', '2025-10-28 18:09:10', NULL),
	(253, 'CIRCA', '030102', 4, 28, '2025-10-28 18:09:10', '2025-10-28 18:09:10', NULL),
	(254, 'CURAHUASI', '030103', 4, 28, '2025-10-28 18:09:11', '2025-10-28 18:09:11', NULL),
	(255, 'HUANIPACA', '030105', 4, 28, '2025-10-28 18:09:11', '2025-10-28 18:09:11', NULL),
	(256, 'LAMBRAMA', '030106', 4, 28, '2025-10-28 18:09:12', '2025-10-28 18:09:12', NULL),
	(257, 'PICHIRHUA', '030107', 4, 28, '2025-10-28 18:09:12', '2025-10-28 18:09:12', NULL),
	(258, 'SAN PEDRO DE CACHORA', '030108', 4, 28, '2025-10-28 18:09:12', '2025-10-28 18:09:12', NULL),
	(259, 'TAMBURCO', '030109', 4, 28, '2025-10-28 18:09:13', '2025-10-28 18:09:13', NULL),
	(260, 'ANDAHUAYLAS', '030301', 4, 29, '2025-10-28 18:09:14', '2025-10-28 18:09:14', NULL),
	(261, 'ANDARAPA', '030302', 4, 29, '2025-10-28 18:09:14', '2025-10-28 18:09:14', NULL),
	(262, 'CHIARA', '030303', 4, 29, '2025-10-28 18:09:15', '2025-10-28 18:09:15', NULL),
	(263, 'HUANCARAMA', '030304', 4, 29, '2025-10-28 18:09:15', '2025-10-28 18:09:15', NULL),
	(264, 'HUANCARAY', '030305', 4, 29, '2025-10-28 18:09:16', '2025-10-28 18:09:16', NULL),
	(265, 'HUAYANA', '030317', 4, 29, '2025-10-28 18:09:16', '2025-10-28 18:09:16', NULL),
	(266, 'KISHUARA', '030306', 4, 29, '2025-10-28 18:09:16', '2025-10-28 18:09:16', NULL),
	(267, 'PACOBAMBA', '030307', 4, 29, '2025-10-28 18:09:17', '2025-10-28 18:09:17', NULL),
	(268, 'PACUCHA', '030313', 4, 29, '2025-10-28 18:09:17', '2025-10-28 18:09:17', NULL),
	(269, 'PAMPACHIRI', '030308', 4, 29, '2025-10-28 18:09:18', '2025-10-28 18:09:18', NULL),
	(270, 'POMACOCHA', '030314', 4, 29, '2025-10-28 18:09:18', '2025-10-28 18:09:18', NULL),
	(271, 'SAN ANTONIO DE CACHI', '030309', 4, 29, '2025-10-28 18:09:19', '2025-10-28 18:09:19', NULL),
	(272, 'SAN JERONIMO', '030310', 4, 29, '2025-10-28 18:09:19', '2025-10-28 18:09:19', NULL),
	(273, 'SAN MIGUEL DE CHACCR', '030318', 4, 29, '2025-10-28 18:09:19', '2025-10-28 18:09:19', NULL),
	(274, 'SANTA MARIA DE CHICM', '030315', 4, 29, '2025-10-28 18:09:20', '2025-10-28 18:09:20', NULL),
	(275, 'TALAVERA', '030311', 4, 29, '2025-10-28 18:09:20', '2025-10-28 18:09:20', NULL),
	(276, 'TUMAY HUARACA', '030316', 4, 29, '2025-10-28 18:09:21', '2025-10-28 18:09:21', NULL),
	(277, 'TURPO', '030312', 4, 29, '2025-10-28 18:09:21', '2025-10-28 18:09:21', NULL),
	(278, 'KAQUIABAMBA', '030319', 4, 29, '2025-10-28 18:09:21', '2025-10-28 18:09:21', NULL),
	(279, 'JOSE MARIA ARGUEDAS', '030320', 4, 29, '2025-10-28 18:09:22', '2025-10-28 18:09:22', NULL),
	(280, 'ANTABAMBA', '030401', 4, 30, '2025-10-28 18:09:23', '2025-10-28 18:09:23', NULL),
	(281, 'EL ORO', '030402', 4, 30, '2025-10-28 18:09:23', '2025-10-28 18:09:23', NULL),
	(282, 'HUAQUIRCA', '030403', 4, 30, '2025-10-28 18:09:24', '2025-10-28 18:09:24', NULL),
	(283, 'JUAN ESPINOZA MEDRAN', '030404', 4, 30, '2025-10-28 18:09:24', '2025-10-28 18:09:24', NULL),
	(284, 'OROPESA', '030405', 4, 30, '2025-10-28 18:09:25', '2025-10-28 18:09:25', NULL),
	(285, 'PACHACONAS', '030406', 4, 30, '2025-10-28 18:09:25', '2025-10-28 18:09:25', NULL),
	(286, 'SABAINO', '030407', 4, 30, '2025-10-28 18:09:25', '2025-10-28 18:09:25', NULL),
	(287, 'CHALHUANCA', '030201', 4, 31, '2025-10-28 18:09:26', '2025-10-28 18:09:26', NULL),
	(288, 'CAPAYA', '030202', 4, 31, '2025-10-28 18:09:27', '2025-10-28 18:09:27', NULL),
	(289, 'CARAYBAMBA', '030203', 4, 31, '2025-10-28 18:09:27', '2025-10-28 18:09:27', NULL),
	(290, 'CHAPIMARCA', '030206', 4, 31, '2025-10-28 18:09:27', '2025-10-28 18:09:27', NULL),
	(291, 'COLCABAMBA', '030204', 4, 31, '2025-10-28 18:09:28', '2025-10-28 18:09:28', NULL),
	(292, 'COTARUSE', '030205', 4, 31, '2025-10-28 18:09:28', '2025-10-28 18:09:28', NULL),
	(293, 'HUAYLLO', '030207', 4, 31, '2025-10-28 18:09:29', '2025-10-28 18:09:29', NULL),
	(294, 'JUSTO APU SAHUARAURA', '030217', 4, 31, '2025-10-28 18:09:29', '2025-10-28 18:09:29', NULL),
	(295, 'LUCRE', '030208', 4, 31, '2025-10-28 18:09:30', '2025-10-28 18:09:30', NULL),
	(296, 'POCOHUANCA', '030209', 4, 31, '2025-10-28 18:09:30', '2025-10-28 18:09:30', NULL),
	(297, 'SAN JUAN DE CHACÑA', '030216', 4, 31, '2025-10-28 18:09:30', '2025-10-28 18:09:30', NULL),
	(298, 'SAÑAYCA', '030210', 4, 31, '2025-10-28 18:09:31', '2025-10-28 18:09:31', NULL),
	(299, 'SORAYA', '030211', 4, 31, '2025-10-28 18:09:31', '2025-10-28 18:09:31', NULL),
	(300, 'TAPAIRIHUA', '030212', 4, 31, '2025-10-28 18:09:32', '2025-10-28 18:09:32', NULL),
	(301, 'TINTAY', '030213', 4, 31, '2025-10-28 18:09:33', '2025-10-28 18:09:33', NULL),
	(302, 'TORAYA', '030214', 4, 31, '2025-10-28 18:09:33', '2025-10-28 18:09:33', NULL),
	(303, 'YANACA', '030215', 4, 31, '2025-10-28 18:09:33', '2025-10-28 18:09:33', NULL),
	(304, 'TAMBOBAMBA', '030501', 4, 32, '2025-10-28 18:09:34', '2025-10-28 18:09:34', NULL),
	(305, 'COTABAMBAS', '030503', 4, 32, '2025-10-28 18:09:35', '2025-10-28 18:09:35', NULL),
	(306, 'COYLLURQUI', '030502', 4, 32, '2025-10-28 18:09:35', '2025-10-28 18:09:35', NULL),
	(307, 'HAQUIRA', '030504', 4, 32, '2025-10-28 18:09:36', '2025-10-28 18:09:36', NULL),
	(308, 'MARA', '030505', 4, 32, '2025-10-28 18:09:36', '2025-10-28 18:09:36', NULL),
	(309, 'CHALLHUAHUACHO', '030506', 4, 32, '2025-10-28 18:09:37', '2025-10-28 18:09:37', NULL),
	(310, 'CHINCHEROS', '030701', 4, 33, '2025-10-28 18:09:37', '2025-10-28 18:09:37', NULL),
	(311, 'ANCO-HUALLO', '030705', 4, 33, '2025-10-28 18:09:38', '2025-10-28 18:09:38', NULL),
	(312, 'COCHARCAS', '030704', 4, 33, '2025-10-28 18:09:38', '2025-10-28 18:09:38', NULL),
	(313, 'HUACCANA', '030706', 4, 33, '2025-10-28 18:09:39', '2025-10-28 18:09:39', NULL),
	(314, 'OCOBAMBA', '030703', 4, 33, '2025-10-28 18:09:39', '2025-10-28 18:09:39', NULL),
	(315, 'ONGOY', '030702', 4, 33, '2025-10-28 18:09:40', '2025-10-28 18:09:40', NULL),
	(316, 'URANMARCA', '030707', 4, 33, '2025-10-28 18:09:40', '2025-10-28 18:09:40', NULL),
	(317, 'RANRACANCHA', '030708', 4, 33, '2025-10-28 18:09:40', '2025-10-28 18:09:40', NULL),
	(318, 'ROCCHACC', '030709', 4, 33, '2025-10-28 18:09:41', '2025-10-28 18:09:41', NULL),
	(319, 'EL PORVENIR', '030710', 4, 33, '2025-10-28 18:09:41', '2025-10-28 18:09:41', NULL),
	(320, 'LOS CHANKAS', '030711', 4, 33, '2025-10-28 18:09:42', '2025-10-28 18:09:42', NULL),
	(321, 'AHUAYRO', '030712', 4, 33, '2025-10-28 18:09:42', '2025-10-28 18:09:42', NULL),
	(322, 'CHUQUIBAMBILLA', '030601', 4, 34, '2025-10-28 18:09:43', '2025-10-28 18:09:43', NULL),
	(323, 'CURPAHUASI', '030602', 4, 34, '2025-10-28 18:09:43', '2025-10-28 18:09:43', NULL),
	(324, 'GAMARRA', '030605', 4, 34, '2025-10-28 18:09:44', '2025-10-28 18:09:44', NULL),
	(325, 'HUAYLLATI', '030603', 4, 34, '2025-10-28 18:09:44', '2025-10-28 18:09:44', NULL),
	(326, 'MAMARA', '030604', 4, 34, '2025-10-28 18:09:44', '2025-10-28 18:09:44', NULL),
	(327, 'MICAELA BASTIDAS', '030606', 4, 34, '2025-10-28 18:09:45', '2025-10-28 18:09:45', NULL),
	(328, 'PATAYPAMPA', '030608', 4, 34, '2025-10-28 18:09:45', '2025-10-28 18:09:45', NULL),
	(329, 'PROGRESO', '030607', 4, 34, '2025-10-28 18:09:46', '2025-10-28 18:09:46', NULL),
	(330, 'SAN ANTONIO', '030609', 4, 34, '2025-10-28 18:09:46', '2025-10-28 18:09:46', NULL),
	(331, 'SANTA ROSA', '030613', 4, 34, '2025-10-28 18:09:47', '2025-10-28 18:09:47', NULL),
	(332, 'TURPAY', '030610', 4, 34, '2025-10-28 18:09:47', '2025-10-28 18:09:47', NULL),
	(333, 'VILCABAMBA', '030611', 4, 34, '2025-10-28 18:09:47', '2025-10-28 18:09:47', NULL),
	(334, 'VIRUNDO', '030612', 4, 34, '2025-10-28 18:09:48', '2025-10-28 18:09:48', NULL),
	(335, 'CURASCO', '030614', 4, 34, '2025-10-28 18:09:48', '2025-10-28 18:09:48', NULL),
	(336, 'AREQUIPA', '040101', 5, 35, '2025-10-28 18:09:49', '2025-10-28 18:09:49', NULL),
	(337, 'ALTO SELVA ALEGRE', '040128', 5, 35, '2025-10-28 18:09:50', '2025-10-28 18:09:50', NULL),
	(338, 'CAYMA', '040102', 5, 35, '2025-10-28 18:09:50', '2025-10-28 18:09:50', NULL),
	(339, 'CERRO COLORADO', '040103', 5, 35, '2025-10-28 18:09:51', '2025-10-28 18:09:51', NULL),
	(340, 'CHARACATO', '040104', 5, 35, '2025-10-28 18:09:51', '2025-10-28 18:09:51', NULL),
	(341, 'CHIGUATA', '040105', 5, 35, '2025-10-28 18:09:51', '2025-10-28 18:09:51', NULL),
	(342, 'JACOBO HUNTER', '040127', 5, 35, '2025-10-28 18:09:52', '2025-10-28 18:09:52', NULL),
	(343, 'LA JOYA', '040106', 5, 35, '2025-10-28 18:09:52', '2025-10-28 18:09:52', NULL),
	(344, 'MARIANO MELGAR', '040126', 5, 35, '2025-10-28 18:09:53', '2025-10-28 18:09:53', NULL),
	(345, 'MIRAFLORES', '040107', 5, 35, '2025-10-28 18:09:54', '2025-10-28 18:09:54', NULL),
	(346, 'MOLLEBAYA', '040108', 5, 35, '2025-10-28 18:09:54', '2025-10-28 18:09:54', NULL),
	(347, 'PAUCARPATA', '040109', 5, 35, '2025-10-28 18:09:54', '2025-10-28 18:09:54', NULL),
	(348, 'POCSI', '040110', 5, 35, '2025-10-28 18:09:55', '2025-10-28 18:09:55', NULL),
	(349, 'POLOBAYA', '040111', 5, 35, '2025-10-28 18:09:55', '2025-10-28 18:09:55', NULL),
	(350, 'QUEQUEÑA', '040112', 5, 35, '2025-10-28 18:09:56', '2025-10-28 18:09:56', NULL),
	(351, 'SABANDIA', '040113', 5, 35, '2025-10-28 18:09:56', '2025-10-28 18:09:56', NULL),
	(352, 'SACHACA', '040114', 5, 35, '2025-10-28 18:09:57', '2025-10-28 18:09:57', NULL),
	(353, 'SAN JUAN DE SIGUAS', '040115', 5, 35, '2025-10-28 18:09:57', '2025-10-28 18:09:57', NULL),
	(354, 'SAN JUAN DE TARUCANI', '040116', 5, 35, '2025-10-28 18:09:58', '2025-10-28 18:09:58', NULL),
	(355, 'SANTA ISABEL DE SIGU', '040117', 5, 35, '2025-10-28 18:09:58', '2025-10-28 18:09:58', NULL),
	(356, 'SANTA RITA DE SIGUAS', '040118', 5, 35, '2025-10-28 18:09:58', '2025-10-28 18:09:58', NULL),
	(357, 'SOCABAYA', '040119', 5, 35, '2025-10-28 18:09:59', '2025-10-28 18:09:59', NULL),
	(358, 'TIABAYA', '040120', 5, 35, '2025-10-28 18:09:59', '2025-10-28 18:09:59', NULL),
	(359, 'UCHUMAYO', '040121', 5, 35, '2025-10-28 18:10:00', '2025-10-28 18:10:00', NULL),
	(360, 'VITOR', '040122', 5, 35, '2025-10-28 18:10:00', '2025-10-28 18:10:00', NULL),
	(361, 'YANAHUARA', '040123', 5, 35, '2025-10-28 18:10:01', '2025-10-28 18:10:01', NULL),
	(362, 'YARABAMBA', '040124', 5, 35, '2025-10-28 18:10:01', '2025-10-28 18:10:01', NULL),
	(363, 'YURA', '040125', 5, 35, '2025-10-28 18:10:01', '2025-10-28 18:10:01', NULL),
	(364, 'JOSE LUIS BUSTAMANTE', '040129', 5, 35, '2025-10-28 18:10:02', '2025-10-28 18:10:02', NULL),
	(365, 'CAMANA', '040301', 5, 36, '2025-10-28 18:10:03', '2025-10-28 18:10:03', NULL),
	(366, 'JOSE MARIA QUIMPER', '040302', 5, 36, '2025-10-28 18:10:03', '2025-10-28 18:10:03', NULL),
	(367, 'MARIANO NICOLAS VALC', '040303', 5, 36, '2025-10-28 18:10:04', '2025-10-28 18:10:04', NULL),
	(368, 'MARISCAL CACERES', '040304', 5, 36, '2025-10-28 18:10:04', '2025-10-28 18:10:04', NULL),
	(369, 'NICOLAS DE PIEROLA', '040305', 5, 36, '2025-10-28 18:10:04', '2025-10-28 18:10:04', NULL),
	(370, 'OCOÑA', '040306', 5, 36, '2025-10-28 18:10:05', '2025-10-28 18:10:05', NULL),
	(371, 'QUILCA', '040307', 5, 36, '2025-10-28 18:10:05', '2025-10-28 18:10:05', NULL),
	(372, 'SAMUEL PASTOR', '040308', 5, 36, '2025-10-28 18:10:06', '2025-10-28 18:10:06', NULL),
	(373, 'CARAVELI', '040401', 5, 37, '2025-10-28 18:10:07', '2025-10-28 18:10:07', NULL),
	(374, 'ACARI', '040402', 5, 37, '2025-10-28 18:10:07', '2025-10-28 18:10:07', NULL),
	(375, 'ATICO', '040403', 5, 37, '2025-10-28 18:10:07', '2025-10-28 18:10:07', NULL),
	(376, 'ATIQUIPA', '040404', 5, 37, '2025-10-28 18:10:08', '2025-10-28 18:10:08', NULL),
	(377, 'BELLA UNION', '040405', 5, 37, '2025-10-28 18:10:08', '2025-10-28 18:10:08', NULL),
	(378, 'CAHUACHO', '040406', 5, 37, '2025-10-28 18:10:09', '2025-10-28 18:10:09', NULL),
	(379, 'CHALA', '040407', 5, 37, '2025-10-28 18:10:09', '2025-10-28 18:10:09', NULL),
	(380, 'CHAPARRA', '040408', 5, 37, '2025-10-28 18:10:09', '2025-10-28 18:10:09', NULL),
	(381, 'HUANUHUANU', '040409', 5, 37, '2025-10-28 18:10:10', '2025-10-28 18:10:10', NULL),
	(382, 'JAQUI', '040410', 5, 37, '2025-10-28 18:10:10', '2025-10-28 18:10:10', NULL),
	(383, 'LOMAS', '040411', 5, 37, '2025-10-28 18:10:11', '2025-10-28 18:10:11', NULL),
	(384, 'QUICACHA', '040412', 5, 37, '2025-10-28 18:10:11', '2025-10-28 18:10:11', NULL),
	(385, 'YAUCA', '040413', 5, 37, '2025-10-28 18:10:12', '2025-10-28 18:10:12', NULL),
	(386, 'APLAO', '040501', 5, 38, '2025-10-28 18:10:12', '2025-10-28 18:10:12', NULL),
	(387, 'ANDAGUA', '040502', 5, 38, '2025-10-28 18:10:13', '2025-10-28 18:10:13', NULL),
	(388, 'AYO', '040503', 5, 38, '2025-10-28 18:10:13', '2025-10-28 18:10:13', NULL),
	(389, 'CHACHAS', '040504', 5, 38, '2025-10-28 18:10:14', '2025-10-28 18:10:14', NULL),
	(390, 'CHILCAYMARCA', '040505', 5, 38, '2025-10-28 18:10:14', '2025-10-28 18:10:14', NULL),
	(391, 'CHOCO', '040506', 5, 38, '2025-10-28 18:10:15', '2025-10-28 18:10:15', NULL),
	(392, 'HUANCARQUI', '040507', 5, 38, '2025-10-28 18:10:15', '2025-10-28 18:10:15', NULL),
	(393, 'MACHAGUAY', '040508', 5, 38, '2025-10-28 18:10:15', '2025-10-28 18:10:15', NULL),
	(394, 'ORCOPAMPA', '040509', 5, 38, '2025-10-28 18:10:16', '2025-10-28 18:10:16', NULL),
	(395, 'PAMPACOLCA', '040510', 5, 38, '2025-10-28 18:10:16', '2025-10-28 18:10:16', NULL),
	(396, 'TIPAN', '040511', 5, 38, '2025-10-28 18:10:17', '2025-10-28 18:10:17', NULL),
	(397, 'UÑON', '040513', 5, 38, '2025-10-28 18:10:17', '2025-10-28 18:10:17', NULL),
	(398, 'URACA', '040512', 5, 38, '2025-10-28 18:10:18', '2025-10-28 18:10:18', NULL),
	(399, 'VIRACO', '040514', 5, 38, '2025-10-28 18:10:18', '2025-10-28 18:10:18', NULL),
	(400, 'CHIVAY', '040201', 5, 39, '2025-10-28 18:10:19', '2025-10-28 18:10:19', NULL),
	(401, 'ACHOMA', '040202', 5, 39, '2025-10-28 18:10:20', '2025-10-28 18:10:20', NULL),
	(402, 'CABANACONDE', '040203', 5, 39, '2025-10-28 18:10:20', '2025-10-28 18:10:20', NULL),
	(403, 'CALLALLI', '040205', 5, 39, '2025-10-28 18:10:21', '2025-10-28 18:10:21', NULL),
	(404, 'CAYLLOMA', '040204', 5, 39, '2025-10-28 18:10:21', '2025-10-28 18:10:21', NULL),
	(405, 'COPORAQUE', '040206', 5, 39, '2025-10-28 18:10:22', '2025-10-28 18:10:22', NULL),
	(406, 'HUAMBO', '040207', 5, 39, '2025-10-28 18:10:22', '2025-10-28 18:10:22', NULL),
	(407, 'HUANCA', '040208', 5, 39, '2025-10-28 18:10:22', '2025-10-28 18:10:22', NULL),
	(408, 'ICHUPAMPA', '040209', 5, 39, '2025-10-28 18:10:23', '2025-10-28 18:10:23', NULL),
	(409, 'LARI', '040210', 5, 39, '2025-10-28 18:10:23', '2025-10-28 18:10:23', NULL),
	(410, 'LLUTA', '040211', 5, 39, '2025-10-28 18:10:24', '2025-10-28 18:10:24', NULL),
	(411, 'MACA', '040212', 5, 39, '2025-10-28 18:10:24', '2025-10-28 18:10:24', NULL),
	(412, 'MADRIGAL', '040213', 5, 39, '2025-10-28 18:10:24', '2025-10-28 18:10:24', NULL),
	(413, 'SAN ANTONIO DE CHUCA', '040214', 5, 39, '2025-10-28 18:10:25', '2025-10-28 18:10:25', NULL),
	(414, 'SIBAYO', '040215', 5, 39, '2025-10-28 18:10:25', '2025-10-28 18:10:25', NULL),
	(415, 'TAPAY', '040216', 5, 39, '2025-10-28 18:10:26', '2025-10-28 18:10:26', NULL),
	(416, 'TISCO', '040217', 5, 39, '2025-10-28 18:10:26', '2025-10-28 18:10:26', NULL),
	(417, 'TUTI', '040218', 5, 39, '2025-10-28 18:10:27', '2025-10-28 18:10:27', NULL),
	(418, 'YANQUE', '040219', 5, 39, '2025-10-28 18:10:27', '2025-10-28 18:10:27', NULL),
	(419, 'MAJES', '040220', 5, 39, '2025-10-28 18:10:27', '2025-10-28 18:10:27', NULL),
	(420, 'CHUQUIBAMBA', '040601', 5, 40, '2025-10-28 18:10:28', '2025-10-28 18:10:28', NULL),
	(421, 'ANDARAY', '040602', 5, 40, '2025-10-28 18:10:29', '2025-10-28 18:10:29', NULL),
	(422, 'CAYARANI', '040603', 5, 40, '2025-10-28 18:10:29', '2025-10-28 18:10:29', NULL),
	(423, 'CHICHAS', '040604', 5, 40, '2025-10-28 18:10:30', '2025-10-28 18:10:30', NULL),
	(424, 'IRAY', '040605', 5, 40, '2025-10-28 18:10:30', '2025-10-28 18:10:30', NULL),
	(425, 'RIO GRANDE', '040608', 5, 40, '2025-10-28 18:10:30', '2025-10-28 18:10:30', NULL),
	(426, 'SALAMANCA', '040606', 5, 40, '2025-10-28 18:10:31', '2025-10-28 18:10:31', NULL),
	(427, 'YANAQUIHUA', '040607', 5, 40, '2025-10-28 18:10:31', '2025-10-28 18:10:31', NULL),
	(428, 'MOLLENDO', '040701', 5, 41, '2025-10-28 18:10:32', '2025-10-28 18:10:32', NULL),
	(429, 'COCACHACRA', '040702', 5, 41, '2025-10-28 18:10:32', '2025-10-28 18:10:32', NULL),
	(430, 'DEAN VALDIVIA', '040703', 5, 41, '2025-10-28 18:10:33', '2025-10-28 18:10:33', NULL),
	(431, 'ISLAY', '040704', 5, 41, '2025-10-28 18:10:33', '2025-10-28 18:10:33', NULL),
	(432, 'MEJIA', '040705', 5, 41, '2025-10-28 18:10:34', '2025-10-28 18:10:34', NULL),
	(433, 'PUNTA DE BOMBON', '040706', 5, 41, '2025-10-28 18:10:34', '2025-10-28 18:10:34', NULL),
	(434, 'COTAHUASI', '040801', 5, 42, '2025-10-28 18:10:35', '2025-10-28 18:10:35', NULL),
	(435, 'ALCA', '040802', 5, 42, '2025-10-28 18:10:36', '2025-10-28 18:10:36', NULL),
	(436, 'CHARCANA', '040803', 5, 42, '2025-10-28 18:10:36', '2025-10-28 18:10:36', NULL),
	(437, 'HUAYNACOTAS', '040804', 5, 42, '2025-10-28 18:10:36', '2025-10-28 18:10:36', NULL),
	(438, 'PAMPAMARCA', '040805', 5, 42, '2025-10-28 18:10:37', '2025-10-28 18:10:37', NULL),
	(439, 'PUYCA', '040806', 5, 42, '2025-10-28 18:10:37', '2025-10-28 18:10:37', NULL),
	(440, 'QUECHUALLA', '040807', 5, 42, '2025-10-28 18:10:38', '2025-10-28 18:10:38', NULL),
	(441, 'SAYLA', '040808', 5, 42, '2025-10-28 18:10:38', '2025-10-28 18:10:38', NULL),
	(442, 'TAURIA', '040809', 5, 42, '2025-10-28 18:10:39', '2025-10-28 18:10:39', NULL),
	(443, 'TOMEPAMPA', '040810', 5, 42, '2025-10-28 18:10:39', '2025-10-28 18:10:39', NULL),
	(444, 'TORO', '040811', 5, 42, '2025-10-28 18:10:39', '2025-10-28 18:10:39', NULL),
	(445, 'AYACUCHO', '050101', 6, 43, '2025-10-28 18:10:41', '2025-10-28 18:10:41', NULL),
	(446, 'ACOCRO', '050111', 6, 43, '2025-10-28 18:10:41', '2025-10-28 18:10:41', NULL),
	(447, 'ACOS VINCHOS', '050102', 6, 43, '2025-10-28 18:10:42', '2025-10-28 18:10:42', NULL),
	(448, 'CARMEN ALTO', '050103', 6, 43, '2025-10-28 18:10:42', '2025-10-28 18:10:42', NULL),
	(449, 'CHIARA', '050104', 6, 43, '2025-10-28 18:10:43', '2025-10-28 18:10:43', NULL),
	(450, 'OCROS', '050113', 6, 43, '2025-10-28 18:10:43', '2025-10-28 18:10:43', NULL),
	(451, 'PACAYCASA', '050114', 6, 43, '2025-10-28 18:10:44', '2025-10-28 18:10:44', NULL),
	(452, 'QUINUA', '050105', 6, 43, '2025-10-28 18:10:44', '2025-10-28 18:10:44', NULL),
	(453, 'SAN JOSE DE TICLLAS', '050106', 6, 43, '2025-10-28 18:10:45', '2025-10-28 18:10:45', NULL),
	(454, 'SAN JUAN BAUTISTA', '050107', 6, 43, '2025-10-28 18:10:45', '2025-10-28 18:10:45', NULL),
	(455, 'SANTIAGO DE PISCHA', '050108', 6, 43, '2025-10-28 18:10:46', '2025-10-28 18:10:46', NULL),
	(456, 'SOCOS', '050112', 6, 43, '2025-10-28 18:10:46', '2025-10-28 18:10:46', NULL),
	(457, 'TAMBILLO', '050110', 6, 43, '2025-10-28 18:10:47', '2025-10-28 18:10:47', NULL),
	(458, 'VINCHOS', '050109', 6, 43, '2025-10-28 18:10:47', '2025-10-28 18:10:47', NULL),
	(459, 'JESUS NAZARENO', '050115', 6, 43, '2025-10-28 18:10:48', '2025-10-28 18:10:48', NULL),
	(460, 'ANDRES AVELINO CACER', '050116', 6, 43, '2025-10-28 18:10:48', '2025-10-28 18:10:48', NULL),
	(461, 'CANGALLO', '050201', 6, 44, '2025-10-28 18:10:49', '2025-10-28 18:10:49', NULL),
	(462, 'CHUSCHI', '050204', 6, 44, '2025-10-28 18:10:49', '2025-10-28 18:10:49', NULL),
	(463, 'LOS MOROCHUCOS', '050206', 6, 44, '2025-10-28 18:10:50', '2025-10-28 18:10:50', NULL),
	(464, 'MARIA PARADO DE BELL', '050211', 6, 44, '2025-10-28 18:10:50', '2025-10-28 18:10:50', NULL),
	(465, 'PARAS', '050207', 6, 44, '2025-10-28 18:10:51', '2025-10-28 18:10:51', NULL),
	(466, 'TOTOS', '050208', 6, 44, '2025-10-28 18:10:51', '2025-10-28 18:10:51', NULL),
	(467, 'SANCOS', '050801', 6, 45, '2025-10-28 18:10:52', '2025-10-28 18:10:52', NULL),
	(468, 'CARAPO', '050804', 6, 45, '2025-10-28 18:10:52', '2025-10-28 18:10:52', NULL),
	(469, 'SACSAMARCA', '050802', 6, 45, '2025-10-28 18:10:53', '2025-10-28 18:10:53', NULL),
	(470, 'SANTIAGO DE LUCANAMA', '050803', 6, 45, '2025-10-28 18:10:53', '2025-10-28 18:10:53', NULL),
	(471, 'HUANTA', '050301', 6, 46, '2025-10-28 18:10:54', '2025-10-28 18:10:54', NULL),
	(472, 'AYAHUANCO', '050302', 6, 46, '2025-10-28 18:10:54', '2025-10-28 18:10:54', NULL),
	(473, 'HUAMANGUILLA', '050303', 6, 46, '2025-10-28 18:10:55', '2025-10-28 18:10:55', NULL),
	(474, 'IGUAIN', '050304', 6, 46, '2025-10-28 18:10:55', '2025-10-28 18:10:55', NULL),
	(475, 'LURICOCHA', '050305', 6, 46, '2025-10-28 18:10:56', '2025-10-28 18:10:56', NULL),
	(476, 'SANTILLANA', '050307', 6, 46, '2025-10-28 18:10:56', '2025-10-28 18:10:56', NULL),
	(477, 'SIVIA', '050308', 6, 46, '2025-10-28 18:10:57', '2025-10-28 18:10:57', NULL),
	(478, 'LLOCHEGUA', '050309', 6, 46, '2025-10-28 18:10:57', '2025-10-28 18:10:57', NULL),
	(479, 'CANAYRE', '050310', 6, 46, '2025-10-28 18:10:57', '2025-10-28 18:10:57', NULL),
	(480, 'UCHURACCAY', '050311', 6, 46, '2025-10-28 18:10:58', '2025-10-28 18:10:58', NULL),
	(481, 'PUCACOLPA', '050312', 6, 46, '2025-10-28 18:10:58', '2025-10-28 18:10:58', NULL),
	(482, 'CHACA', '050313', 6, 46, '2025-10-28 18:10:59', '2025-10-28 18:10:59', NULL),
	(483, 'PUTIS', '050314', 6, 46, '2025-10-28 18:10:59', '2025-10-28 18:10:59', NULL),
	(484, 'SAN MIGUEL', '050401', 6, 47, '2025-10-28 18:11:00', '2025-10-28 18:11:00', NULL),
	(485, 'ANCO', '050402', 6, 47, '2025-10-28 18:11:00', '2025-10-28 18:11:00', NULL),
	(486, 'AYNA', '050403', 6, 47, '2025-10-28 18:11:01', '2025-10-28 18:11:01', NULL),
	(487, 'CHILCAS', '050404', 6, 47, '2025-10-28 18:11:01', '2025-10-28 18:11:01', NULL),
	(488, 'CHUNGUI', '050405', 6, 47, '2025-10-28 18:11:02', '2025-10-28 18:11:02', NULL),
	(489, 'LUIS CARRANZA', '050407', 6, 47, '2025-10-28 18:11:02', '2025-10-28 18:11:02', NULL),
	(490, 'SANTA ROSA', '050408', 6, 47, '2025-10-28 18:11:02', '2025-10-28 18:11:02', NULL),
	(491, 'TAMBO', '050406', 6, 47, '2025-10-28 18:11:03', '2025-10-28 18:11:03', NULL),
	(492, 'SAMUGARI', '050409', 6, 47, '2025-10-28 18:11:03', '2025-10-28 18:11:03', NULL),
	(493, 'ANCHIHUAY', '050410', 6, 47, '2025-10-28 18:11:04', '2025-10-28 18:11:04', NULL),
	(494, 'ORONCCOY', '050411', 6, 47, '2025-10-28 18:11:04', '2025-10-28 18:11:04', NULL),
	(495, 'UNION PROGRESO', '050412', 6, 47, '2025-10-28 18:11:05', '2025-10-28 18:11:05', NULL),
	(496, 'RIO MAGDALENA', '050415', 6, 47, '2025-10-28 18:11:05', '2025-10-28 18:11:05', NULL),
	(497, 'NINABAMBA', '050414', 6, 47, '2025-10-28 18:11:06', '2025-10-28 18:11:06', NULL),
	(498, 'PATIBAMBA', '050413', 6, 47, '2025-10-28 18:11:06', '2025-10-28 18:11:06', NULL),
	(499, 'PUQUIO', '050501', 6, 48, '2025-10-28 18:11:07', '2025-10-28 18:11:07', NULL),
	(500, 'AUCARA', '050502', 6, 48, '2025-10-28 18:11:08', '2025-10-28 18:11:08', NULL),
	(501, 'CABANA', '050503', 6, 48, '2025-10-28 18:11:08', '2025-10-28 18:11:08', NULL),
	(502, 'CARMEN SALCEDO', '050504', 6, 48, '2025-10-28 18:11:09', '2025-10-28 18:11:09', NULL),
	(503, 'CHAVIÑA', '050506', 6, 48, '2025-10-28 18:11:09', '2025-10-28 18:11:09', NULL),
	(504, 'CHIPAO', '050508', 6, 48, '2025-10-28 18:11:10', '2025-10-28 18:11:10', NULL),
	(505, 'HUAC-HUAS', '050510', 6, 48, '2025-10-28 18:11:10', '2025-10-28 18:11:10', NULL),
	(506, 'LARAMATE', '050511', 6, 48, '2025-10-28 18:11:11', '2025-10-28 18:11:11', NULL),
	(507, 'LEONCIO PRADO', '050512', 6, 48, '2025-10-28 18:11:11', '2025-10-28 18:11:11', NULL),
	(508, 'LLAUTA', '050514', 6, 48, '2025-10-28 18:11:11', '2025-10-28 18:11:11', NULL),
	(509, 'LUCANAS', '050513', 6, 48, '2025-10-28 18:11:12', '2025-10-28 18:11:12', NULL),
	(510, 'OCAÑA', '050516', 6, 48, '2025-10-28 18:11:12', '2025-10-28 18:11:12', NULL),
	(511, 'OTOCA', '050517', 6, 48, '2025-10-28 18:11:13', '2025-10-28 18:11:13', NULL),
	(512, 'SAISA', '050529', 6, 48, '2025-10-28 18:11:13', '2025-10-28 18:11:13', NULL),
	(513, 'SAN CRISTOBAL', '050532', 6, 48, '2025-10-28 18:11:13', '2025-10-28 18:11:13', NULL),
	(514, 'SAN JUAN', '050521', 6, 48, '2025-10-28 18:11:14', '2025-10-28 18:11:14', NULL),
	(515, 'SAN PEDRO', '050522', 6, 48, '2025-10-28 18:11:14', '2025-10-28 18:11:14', NULL),
	(516, 'SAN PEDRO DE PALCO', '050531', 6, 48, '2025-10-28 18:11:15', '2025-10-28 18:11:15', NULL),
	(517, 'SANCOS', '050520', 6, 48, '2025-10-28 18:11:15', '2025-10-28 18:11:15', NULL),
	(518, 'SANTA ANA DE HUAYCAH', '050524', 6, 48, '2025-10-28 18:11:16', '2025-10-28 18:11:16', NULL),
	(519, 'SANTA LUCIA', '050525', 6, 48, '2025-10-28 18:11:16', '2025-10-28 18:11:16', NULL),
	(520, 'CORACORA', '050601', 6, 49, '2025-10-28 18:11:17', '2025-10-28 18:11:17', NULL),
	(521, 'CHUMPI', '050605', 6, 49, '2025-10-28 18:11:18', '2025-10-28 18:11:18', NULL),
	(522, 'CORONEL CASTAÑEDA', '050604', 6, 49, '2025-10-28 18:11:18', '2025-10-28 18:11:18', NULL),
	(523, 'PACAPAUSA', '050608', 6, 49, '2025-10-28 18:11:19', '2025-10-28 18:11:19', NULL),
	(524, 'PULLO', '050611', 6, 49, '2025-10-28 18:11:19', '2025-10-28 18:11:19', NULL),
	(525, 'PUYUSCA', '050612', 6, 49, '2025-10-28 18:11:19', '2025-10-28 18:11:19', NULL),
	(526, 'SAN FRANCISCO DE RAV', '050615', 6, 49, '2025-10-28 18:11:20', '2025-10-28 18:11:20', NULL),
	(527, 'UPAHUACHO', '050616', 6, 49, '2025-10-28 18:11:20', '2025-10-28 18:11:20', NULL),
	(528, 'PAUSA', '051001', 6, 50, '2025-10-28 18:11:21', '2025-10-28 18:11:21', NULL),
	(529, 'COLTA', '051002', 6, 50, '2025-10-28 18:11:22', '2025-10-28 18:11:22', NULL),
	(530, 'CORCULLA', '051003', 6, 50, '2025-10-28 18:11:22', '2025-10-28 18:11:22', NULL),
	(531, 'LAMPA', '051004', 6, 50, '2025-10-28 18:11:22', '2025-10-28 18:11:22', NULL),
	(532, 'MARCABAMBA', '051005', 6, 50, '2025-10-28 18:11:23', '2025-10-28 18:11:23', NULL),
	(533, 'OYOLO', '051006', 6, 50, '2025-10-28 18:11:23', '2025-10-28 18:11:23', NULL),
	(534, 'PARARCA', '051007', 6, 50, '2025-10-28 18:11:24', '2025-10-28 18:11:24', NULL),
	(535, 'SAN JAVIER DE ALPABA', '051008', 6, 50, '2025-10-28 18:11:24', '2025-10-28 18:11:24', NULL),
	(536, 'SAN JOSE DE USHUA', '051009', 6, 50, '2025-10-28 18:11:25', '2025-10-28 18:11:25', NULL),
	(537, 'SARA SARA', '051010', 6, 50, '2025-10-28 18:11:25', '2025-10-28 18:11:25', NULL),
	(538, 'QUEROBAMBA', '051101', 6, 51, '2025-10-28 18:11:26', '2025-10-28 18:11:26', NULL),
	(539, 'BELEN', '051102', 6, 51, '2025-10-28 18:11:27', '2025-10-28 18:11:27', NULL),
	(540, 'CHALCOS', '051103', 6, 51, '2025-10-28 18:11:27', '2025-10-28 18:11:27', NULL),
	(541, 'CHILCAYOC', '051110', 6, 51, '2025-10-28 18:11:28', '2025-10-28 18:11:28', NULL),
	(542, 'HUACAÑA', '051109', 6, 51, '2025-10-28 18:11:28', '2025-10-28 18:11:28', NULL),
	(543, 'MORCOLLA', '051111', 6, 51, '2025-10-28 18:11:29', '2025-10-28 18:11:29', NULL),
	(544, 'PAICO', '051105', 6, 51, '2025-10-28 18:11:29', '2025-10-28 18:11:29', NULL),
	(545, 'SAN PEDRO DE LARCAY', '051107', 6, 51, '2025-10-28 18:11:30', '2025-10-28 18:11:30', NULL),
	(546, 'SAN SALVADOR DE QUIJ', '051104', 6, 51, '2025-10-28 18:11:30', '2025-10-28 18:11:30', NULL),
	(547, 'SANTIAGO DE PAUCARAY', '051106', 6, 51, '2025-10-28 18:11:31', '2025-10-28 18:11:31', NULL),
	(548, 'SORAS', '051108', 6, 51, '2025-10-28 18:11:31', '2025-10-28 18:11:31', NULL),
	(549, 'HUANCAPI', '050701', 6, 52, '2025-10-28 18:11:32', '2025-10-28 18:11:32', NULL),
	(550, 'ALCAMENCA', '050702', 6, 52, '2025-10-28 18:11:33', '2025-10-28 18:11:33', NULL),
	(551, 'APONGO', '050703', 6, 52, '2025-10-28 18:11:33', '2025-10-28 18:11:33', NULL),
	(552, 'ASQUIPATA', '050715', 6, 52, '2025-10-28 18:11:33', '2025-10-28 18:11:33', NULL),
	(553, 'CANARIA', '050704', 6, 52, '2025-10-28 18:11:34', '2025-10-28 18:11:34', NULL),
	(554, 'CAYARA', '050706', 6, 52, '2025-10-28 18:11:34', '2025-10-28 18:11:34', NULL),
	(555, 'COLCA', '050707', 6, 52, '2025-10-28 18:11:35', '2025-10-28 18:11:35', NULL),
	(556, 'HUAMANQUIQUIA', '050709', 6, 52, '2025-10-28 18:11:35', '2025-10-28 18:11:35', NULL),
	(557, 'HUANCARAYLLA', '050710', 6, 52, '2025-10-28 18:11:36', '2025-10-28 18:11:36', NULL),
	(558, 'HUAYA', '050708', 6, 52, '2025-10-28 18:11:36', '2025-10-28 18:11:36', NULL),
	(559, 'SARHUA', '050713', 6, 52, '2025-10-28 18:11:36', '2025-10-28 18:11:36', NULL),
	(560, 'VILCANCHOS', '050714', 6, 52, '2025-10-28 18:11:37', '2025-10-28 18:11:37', NULL),
	(561, 'VILCAS HUAMAN', '050901', 6, 53, '2025-10-28 18:11:38', '2025-10-28 18:11:38', NULL),
	(562, 'ACCOMARCA', '050903', 6, 53, '2025-10-28 18:11:38', '2025-10-28 18:11:38', NULL),
	(563, 'CARHUANCA', '050904', 6, 53, '2025-10-28 18:11:38', '2025-10-28 18:11:38', NULL),
	(564, 'CONCEPCION', '050905', 6, 53, '2025-10-28 18:11:39', '2025-10-28 18:11:39', NULL),
	(565, 'HUAMBALPA', '050906', 6, 53, '2025-10-28 18:11:39', '2025-10-28 18:11:39', NULL),
	(566, 'INDEPENDENCIA', '050908', 6, 53, '2025-10-28 18:11:40', '2025-10-28 18:11:40', NULL),
	(567, 'SAURAMA', '050907', 6, 53, '2025-10-28 18:11:40', '2025-10-28 18:11:40', NULL),
	(568, 'VISCHONGO', '050902', 6, 53, '2025-10-28 18:11:41', '2025-10-28 18:11:41', NULL),
	(569, 'CAJAMARCA', '060101', 7, 54, '2025-10-28 18:11:42', '2025-10-28 18:11:42', NULL),
	(570, 'ASUNCION', '060102', 7, 54, '2025-10-28 18:11:42', '2025-10-28 18:11:42', NULL),
	(571, 'CHETILLA', '060104', 7, 54, '2025-10-28 18:11:43', '2025-10-28 18:11:43', NULL),
	(572, 'COSPAN', '060103', 7, 54, '2025-10-28 18:11:43', '2025-10-28 18:11:43', NULL),
	(573, 'ENCAÑADA', '060105', 7, 54, '2025-10-28 18:11:43', '2025-10-28 18:11:43', NULL),
	(574, 'JESUS', '060106', 7, 54, '2025-10-28 18:11:44', '2025-10-28 18:11:44', NULL),
	(575, 'LLACANORA', '060108', 7, 54, '2025-10-28 18:11:44', '2025-10-28 18:11:44', NULL),
	(576, 'LOS BAÑOS DEL INCA', '060107', 7, 54, '2025-10-28 18:11:45', '2025-10-28 18:11:45', NULL),
	(577, 'MAGDALENA', '060109', 7, 54, '2025-10-28 18:11:45', '2025-10-28 18:11:45', NULL),
	(578, 'MATARA', '060110', 7, 54, '2025-10-28 18:11:46', '2025-10-28 18:11:46', NULL),
	(579, 'NAMORA', '060111', 7, 54, '2025-10-28 18:11:46', '2025-10-28 18:11:46', NULL),
	(580, 'SAN JUAN', '060112', 7, 54, '2025-10-28 18:11:46', '2025-10-28 18:11:46', NULL),
	(581, 'CAJABAMBA', '060201', 7, 55, '2025-10-28 18:11:47', '2025-10-28 18:11:47', NULL),
	(582, 'CACHACHI', '060202', 7, 55, '2025-10-28 18:11:48', '2025-10-28 18:11:48', NULL),
	(583, 'CONDEBAMBA', '060203', 7, 55, '2025-10-28 18:11:48', '2025-10-28 18:11:48', NULL),
	(584, 'SITACOCHA', '060205', 7, 55, '2025-10-28 18:11:49', '2025-10-28 18:11:49', NULL),
	(585, 'CELENDIN', '060301', 7, 56, '2025-10-28 18:11:49', '2025-10-28 18:11:49', NULL),
	(586, 'CHUMUCH', '060303', 7, 56, '2025-10-28 18:11:50', '2025-10-28 18:11:50', NULL),
	(587, 'CORTEGANA', '060302', 7, 56, '2025-10-28 18:11:50', '2025-10-28 18:11:50', NULL),
	(588, 'HUASMIN', '060304', 7, 56, '2025-10-28 18:11:51', '2025-10-28 18:11:51', NULL),
	(589, 'JORGE CHAVEZ', '060305', 7, 56, '2025-10-28 18:11:51', '2025-10-28 18:11:51', NULL),
	(590, 'JOSE GALVEZ', '060306', 7, 56, '2025-10-28 18:11:52', '2025-10-28 18:11:52', NULL),
	(591, 'MIGUEL IGLESIAS', '060307', 7, 56, '2025-10-28 18:11:52', '2025-10-28 18:11:52', NULL),
	(592, 'OXAMARCA', '060308', 7, 56, '2025-10-28 18:11:53', '2025-10-28 18:11:53', NULL),
	(593, 'SOROCHUCO', '060309', 7, 56, '2025-10-28 18:11:53', '2025-10-28 18:11:53', NULL),
	(594, 'SUCRE', '060310', 7, 56, '2025-10-28 18:11:54', '2025-10-28 18:11:54', NULL),
	(595, 'UTCO', '060311', 7, 56, '2025-10-28 18:11:54', '2025-10-28 18:11:54', NULL),
	(596, 'LA LIBERTAD DE PALLA', '060312', 7, 56, '2025-10-28 18:11:55', '2025-10-28 18:11:55', NULL),
	(597, 'CHOTA', '060601', 7, 57, '2025-10-28 18:11:56', '2025-10-28 18:11:56', NULL),
	(598, 'ANGUIA', '060602', 7, 57, '2025-10-28 18:11:56', '2025-10-28 18:11:56', NULL),
	(599, 'CHADIN', '060605', 7, 57, '2025-10-28 18:11:56', '2025-10-28 18:11:56', NULL),
	(600, 'CHIGUIRIP', '060606', 7, 57, '2025-10-28 18:11:57', '2025-10-28 18:11:57', NULL),
	(601, 'CHIMBAN', '060607', 7, 57, '2025-10-28 18:11:57', '2025-10-28 18:11:57', NULL),
	(602, 'CHOROPAMPA', '060618', 7, 57, '2025-10-28 18:11:58', '2025-10-28 18:11:58', NULL),
	(603, 'COCHABAMBA', '060603', 7, 57, '2025-10-28 18:11:58', '2025-10-28 18:11:58', NULL),
	(604, 'CONCHAN', '060604', 7, 57, '2025-10-28 18:11:59', '2025-10-28 18:11:59', NULL),
	(605, 'HUAMBOS', '060608', 7, 57, '2025-10-28 18:11:59', '2025-10-28 18:11:59', NULL),
	(606, 'LAJAS', '060609', 7, 57, '2025-10-28 18:12:00', '2025-10-28 18:12:00', NULL),
	(607, 'LLAMA', '060610', 7, 57, '2025-10-28 18:12:00', '2025-10-28 18:12:00', NULL),
	(608, 'MIRACOSTA', '060611', 7, 57, '2025-10-28 18:12:00', '2025-10-28 18:12:00', NULL),
	(609, 'PACCHA', '060612', 7, 57, '2025-10-28 18:12:01', '2025-10-28 18:12:01', NULL),
	(610, 'PION', '060613', 7, 57, '2025-10-28 18:12:01', '2025-10-28 18:12:01', NULL),
	(611, 'QUEROCOTO', '060614', 7, 57, '2025-10-28 18:12:02', '2025-10-28 18:12:02', NULL),
	(612, 'SAN JUAN DE LICUPIS', '060617', 7, 57, '2025-10-28 18:12:02', '2025-10-28 18:12:02', NULL),
	(613, 'TACABAMBA', '060615', 7, 57, '2025-10-28 18:12:03', '2025-10-28 18:12:03', NULL),
	(614, 'TOCMOCHE', '060616', 7, 57, '2025-10-28 18:12:03', '2025-10-28 18:12:03', NULL),
	(615, 'CHALAMARCA', '060619', 7, 57, '2025-10-28 18:12:03', '2025-10-28 18:12:03', NULL),
	(616, 'CONTUMAZA', '060401', 7, 58, '2025-10-28 18:12:04', '2025-10-28 18:12:04', NULL),
	(617, 'CHILETE', '060403', 7, 58, '2025-10-28 18:12:05', '2025-10-28 18:12:05', NULL),
	(618, 'CUPISNIQUE', '060406', 7, 58, '2025-10-28 18:12:05', '2025-10-28 18:12:05', NULL),
	(619, 'GUZMANGO', '060404', 7, 58, '2025-10-28 18:12:06', '2025-10-28 18:12:06', NULL),
	(620, 'SAN BENITO', '060405', 7, 58, '2025-10-28 18:12:07', '2025-10-28 18:12:07', NULL),
	(621, 'SANTA CRUZ DE TOLEDO', '060409', 7, 58, '2025-10-28 18:12:07', '2025-10-28 18:12:07', NULL),
	(622, 'TANTARICA', '060407', 7, 58, '2025-10-28 18:12:07', '2025-10-28 18:12:07', NULL),
	(623, 'YONAN', '060408', 7, 58, '2025-10-28 18:12:08', '2025-10-28 18:12:08', NULL),
	(624, 'CUTERVO', '060501', 7, 59, '2025-10-28 18:12:09', '2025-10-28 18:12:09', NULL),
	(625, 'CALLAYUC', '060502', 7, 59, '2025-10-28 18:12:09', '2025-10-28 18:12:09', NULL),
	(626, 'CHOROS', '060504', 7, 59, '2025-10-28 18:12:10', '2025-10-28 18:12:10', NULL),
	(627, 'CUJILLO', '060503', 7, 59, '2025-10-28 18:12:10', '2025-10-28 18:12:10', NULL),
	(628, 'LA RAMADA', '060505', 7, 59, '2025-10-28 18:12:11', '2025-10-28 18:12:11', NULL),
	(629, 'PIMPINGOS', '060506', 7, 59, '2025-10-28 18:12:11', '2025-10-28 18:12:11', NULL),
	(630, 'QUEROCOTILLO', '060507', 7, 59, '2025-10-28 18:12:12', '2025-10-28 18:12:12', NULL),
	(631, 'SAN ANDRES DE CUTERV', '060508', 7, 59, '2025-10-28 18:12:12', '2025-10-28 18:12:12', NULL),
	(632, 'SAN JUAN DE CUTERVO', '060509', 7, 59, '2025-10-28 18:12:12', '2025-10-28 18:12:12', NULL),
	(633, 'SAN LUIS DE LUCMA', '060510', 7, 59, '2025-10-28 18:12:13', '2025-10-28 18:12:13', NULL),
	(634, 'SANTA CRUZ', '060511', 7, 59, '2025-10-28 18:12:13', '2025-10-28 18:12:13', NULL),
	(635, 'SANTO DOMINGO DE LA ', '060512', 7, 59, '2025-10-28 18:12:14', '2025-10-28 18:12:14', NULL),
	(636, 'SANTO TOMAS', '060513', 7, 59, '2025-10-28 18:12:14', '2025-10-28 18:12:14', NULL),
	(637, 'SOCOTA', '060514', 7, 59, '2025-10-28 18:12:15', '2025-10-28 18:12:15', NULL),
	(638, 'TORIBIO CASANOVA', '060515', 7, 59, '2025-10-28 18:12:15', '2025-10-28 18:12:15', NULL),
	(639, 'BAMBAMARCA', '060701', 7, 60, '2025-10-28 18:12:16', '2025-10-28 18:12:16', NULL),
	(640, 'CHUGUR', '060702', 7, 60, '2025-10-28 18:12:16', '2025-10-28 18:12:16', NULL),
	(641, 'HUALGAYOC', '060703', 7, 60, '2025-10-28 18:12:17', '2025-10-28 18:12:17', NULL),
	(642, 'JAEN', '060801', 7, 61, '2025-10-28 18:12:18', '2025-10-28 18:12:18', NULL),
	(643, 'BELLAVISTA', '060802', 7, 61, '2025-10-28 18:12:18', '2025-10-28 18:12:18', NULL),
	(644, 'CHONTALI', '060804', 7, 61, '2025-10-28 18:12:19', '2025-10-28 18:12:19', NULL),
	(645, 'COLASAY', '060803', 7, 61, '2025-10-28 18:12:19', '2025-10-28 18:12:19', NULL),
	(646, 'HUABAL', '060812', 7, 61, '2025-10-28 18:12:19', '2025-10-28 18:12:19', NULL),
	(647, 'LAS PIRIAS', '060811', 7, 61, '2025-10-28 18:12:20', '2025-10-28 18:12:20', NULL),
	(648, 'POMAHUACA', '060805', 7, 61, '2025-10-28 18:12:20', '2025-10-28 18:12:20', NULL),
	(649, 'PUCARA', '060806', 7, 61, '2025-10-28 18:12:21', '2025-10-28 18:12:21', NULL),
	(650, 'SALLIQUE', '060807', 7, 61, '2025-10-28 18:12:21', '2025-10-28 18:12:21', NULL),
	(651, 'SAN FELIPE', '060808', 7, 61, '2025-10-28 18:12:22', '2025-10-28 18:12:22', NULL),
	(652, 'SAN JOSE DEL ALTO', '060809', 7, 61, '2025-10-28 18:12:22', '2025-10-28 18:12:22', NULL),
	(653, 'SANTA ROSA', '060810', 7, 61, '2025-10-28 18:12:22', '2025-10-28 18:12:22', NULL),
	(654, 'SAN IGNACIO', '061101', 7, 62, '2025-10-28 18:12:23', '2025-10-28 18:12:23', NULL),
	(655, 'CHIRINOS', '061102', 7, 62, '2025-10-28 18:12:24', '2025-10-28 18:12:24', NULL),
	(656, 'HUARANGO', '061103', 7, 62, '2025-10-28 18:12:24', '2025-10-28 18:12:24', NULL),
	(657, 'LA COIPA', '061105', 7, 62, '2025-10-28 18:12:24', '2025-10-28 18:12:24', NULL),
	(658, 'NAMBALLE', '061104', 7, 62, '2025-10-28 18:12:25', '2025-10-28 18:12:25', NULL),
	(659, 'SAN JOSE DE LOURDES', '061106', 7, 62, '2025-10-28 18:12:25', '2025-10-28 18:12:25', NULL),
	(660, 'TABACONAS', '061107', 7, 62, '2025-10-28 18:12:26', '2025-10-28 18:12:26', NULL),
	(661, 'PEDRO GALVEZ', '061201', 7, 63, '2025-10-28 18:12:27', '2025-10-28 18:12:27', NULL),
	(662, 'CHANCAY', '061207', 7, 63, '2025-10-28 18:12:27', '2025-10-28 18:12:27', NULL),
	(663, 'EDUARDO VILLANUEVA', '061205', 7, 63, '2025-10-28 18:12:27', '2025-10-28 18:12:27', NULL),
	(664, 'GREGORIO PITA', '061203', 7, 63, '2025-10-28 18:12:28', '2025-10-28 18:12:28', NULL),
	(665, 'ICHOCAN', '061202', 7, 63, '2025-10-28 18:12:28', '2025-10-28 18:12:28', NULL),
	(666, 'JOSE MANUEL QUIROZ', '061204', 7, 63, '2025-10-28 18:12:29', '2025-10-28 18:12:29', NULL),
	(667, 'JOSE SABOGAL', '061206', 7, 63, '2025-10-28 18:12:29', '2025-10-28 18:12:29', NULL),
	(668, 'SAN MIGUEL', '061001', 7, 64, '2025-10-28 18:12:31', '2025-10-28 18:12:31', NULL),
	(669, 'BOLIVAR', '061013', 7, 64, '2025-10-28 18:12:31', '2025-10-28 18:12:31', NULL),
	(670, 'CALQUIS', '061002', 7, 64, '2025-10-28 18:12:31', '2025-10-28 18:12:31', NULL),
	(671, 'CATILLUC', '061012', 7, 64, '2025-10-28 18:12:32', '2025-10-28 18:12:32', NULL),
	(672, 'EL PRADO', '061009', 7, 64, '2025-10-28 18:12:32', '2025-10-28 18:12:32', NULL),
	(673, 'LA FLORIDA', '061003', 7, 64, '2025-10-28 18:12:33', '2025-10-28 18:12:33', NULL),
	(674, 'LLAPA', '061004', 7, 64, '2025-10-28 18:12:33', '2025-10-28 18:12:33', NULL),
	(675, 'NANCHOC', '061005', 7, 64, '2025-10-28 18:12:34', '2025-10-28 18:12:34', NULL),
	(676, 'NIEPOS', '061006', 7, 64, '2025-10-28 18:12:34', '2025-10-28 18:12:34', NULL),
	(677, 'SAN GREGORIO', '061007', 7, 64, '2025-10-28 18:12:35', '2025-10-28 18:12:35', NULL),
	(678, 'SAN SILVESTRE DE COC', '061008', 7, 64, '2025-10-28 18:12:35', '2025-10-28 18:12:35', NULL),
	(679, 'TONGOD', '061011', 7, 64, '2025-10-28 18:12:36', '2025-10-28 18:12:36', NULL),
	(680, 'UNION AGUA BLANCA', '061010', 7, 64, '2025-10-28 18:12:36', '2025-10-28 18:12:36', NULL),
	(681, 'SAN PABLO', '061301', 7, 65, '2025-10-28 18:12:37', '2025-10-28 18:12:37', NULL),
	(682, 'SAN BERNARDINO', '061302', 7, 65, '2025-10-28 18:12:37', '2025-10-28 18:12:37', NULL),
	(683, 'SAN LUIS', '061303', 7, 65, '2025-10-28 18:12:38', '2025-10-28 18:12:38', NULL),
	(684, 'TUMBADEN', '061304', 7, 65, '2025-10-28 18:12:38', '2025-10-28 18:12:38', NULL),
	(685, 'SANTA CRUZ', '060901', 7, 66, '2025-10-28 18:12:39', '2025-10-28 18:12:39', NULL),
	(686, 'ANDABAMBA', '060910', 7, 66, '2025-10-28 18:12:39', '2025-10-28 18:12:39', NULL),
	(687, 'CATACHE', '060902', 7, 66, '2025-10-28 18:12:40', '2025-10-28 18:12:40', NULL),
	(688, 'CHANCAYBAÑOS', '060903', 7, 66, '2025-10-28 18:12:40', '2025-10-28 18:12:40', NULL),
	(689, 'LA ESPERANZA', '060904', 7, 66, '2025-10-28 18:12:41', '2025-10-28 18:12:41', NULL),
	(690, 'NINABAMBA', '060905', 7, 66, '2025-10-28 18:12:41', '2025-10-28 18:12:41', NULL),
	(691, 'PULAN', '060906', 7, 66, '2025-10-28 18:12:42', '2025-10-28 18:12:42', NULL),
	(692, 'SAUCEPAMPA', '060911', 7, 66, '2025-10-28 18:12:42', '2025-10-28 18:12:42', NULL),
	(693, 'SEXI', '060907', 7, 66, '2025-10-28 18:12:42', '2025-10-28 18:12:42', NULL),
	(694, 'UTICYACU', '060908', 7, 66, '2025-10-28 18:12:43', '2025-10-28 18:12:43', NULL),
	(695, 'YAUYUCAN', '060909', 7, 66, '2025-10-28 18:12:43', '2025-10-28 18:12:43', NULL),
	(696, 'CALLAO', '240101', 8, 67, '2025-10-28 18:12:44', '2025-10-28 18:12:44', NULL),
	(697, 'BELLAVISTA', '240102', 8, 67, '2025-10-28 18:12:45', '2025-10-28 18:12:45', NULL),
	(698, 'CARMEN DE LA LEGUA R', '240104', 8, 67, '2025-10-28 18:12:45', '2025-10-28 18:12:45', NULL),
	(699, 'LA PERLA', '240105', 8, 67, '2025-10-28 18:12:46', '2025-10-28 18:12:46', NULL),
	(700, 'LA PUNTA', '240103', 8, 67, '2025-10-28 18:12:46', '2025-10-28 18:12:46', NULL),
	(701, 'VENTANILLA', '240106', 8, 67, '2025-10-28 18:12:46', '2025-10-28 18:12:46', NULL),
	(702, 'MI PERU', '240107', 8, 67, '2025-10-28 18:12:47', '2025-10-28 18:12:47', NULL),
	(703, 'CUSCO', '070101', 9, 68, '2025-10-28 18:12:49', '2025-10-28 18:12:49', NULL),
	(704, 'CCORCA', '070102', 9, 68, '2025-10-28 18:12:49', '2025-10-28 18:12:49', NULL),
	(705, 'POROY', '070103', 9, 68, '2025-10-28 18:12:50', '2025-10-28 18:12:50', NULL),
	(706, 'SAN JERONIMO', '070104', 9, 68, '2025-10-28 18:12:50', '2025-10-28 18:12:50', NULL),
	(707, 'SAN SEBASTIAN', '070105', 9, 68, '2025-10-28 18:12:51', '2025-10-28 18:12:51', NULL),
	(708, 'SANTIAGO', '070106', 9, 68, '2025-10-28 18:12:51', '2025-10-28 18:12:51', NULL),
	(709, 'SAYLLA', '070107', 9, 68, '2025-10-28 18:12:52', '2025-10-28 18:12:52', NULL),
	(710, 'WANCHAQ', '070108', 9, 68, '2025-10-28 18:12:52', '2025-10-28 18:12:52', NULL),
	(711, 'ACOMAYO', '070201', 9, 69, '2025-10-28 18:12:53', '2025-10-28 18:12:53', NULL),
	(712, 'ACOPIA', '070202', 9, 69, '2025-10-28 18:12:54', '2025-10-28 18:12:54', NULL),
	(713, 'ACOS', '070203', 9, 69, '2025-10-28 18:12:54', '2025-10-28 18:12:54', NULL),
	(714, 'MOSOC LLACTA', '070207', 9, 69, '2025-10-28 18:12:55', '2025-10-28 18:12:55', NULL),
	(715, 'POMACANCHI', '070204', 9, 69, '2025-10-28 18:12:55', '2025-10-28 18:12:55', NULL),
	(716, 'RONDOCAN', '070205', 9, 69, '2025-10-28 18:12:56', '2025-10-28 18:12:56', NULL),
	(717, 'SANGARARA', '070206', 9, 69, '2025-10-28 18:12:56', '2025-10-28 18:12:56', NULL),
	(718, 'ANTA', '070301', 9, 70, '2025-10-28 18:12:57', '2025-10-28 18:12:57', NULL),
	(719, 'ANCAHUASI', '070309', 9, 70, '2025-10-28 18:12:58', '2025-10-28 18:12:58', NULL),
	(720, 'CACHIMAYO', '070308', 9, 70, '2025-10-28 18:12:58', '2025-10-28 18:12:58', NULL),
	(721, 'CHINCHAYPUJIO', '070302', 9, 70, '2025-10-28 18:12:58', '2025-10-28 18:12:58', NULL),
	(722, 'HUAROCONDO', '070303', 9, 70, '2025-10-28 18:12:59', '2025-10-28 18:12:59', NULL),
	(723, 'LIMATAMBO', '070304', 9, 70, '2025-10-28 18:12:59', '2025-10-28 18:12:59', NULL),
	(724, 'MOLLEPATA', '070305', 9, 70, '2025-10-28 18:13:00', '2025-10-28 18:13:00', NULL),
	(725, 'PUCYURA', '070306', 9, 70, '2025-10-28 18:13:00', '2025-10-28 18:13:00', NULL),
	(726, 'ZURITE', '070307', 9, 70, '2025-10-28 18:13:00', '2025-10-28 18:13:00', NULL),
	(727, 'CALCA', '070401', 9, 71, '2025-10-28 18:13:01', '2025-10-28 18:13:01', NULL),
	(728, 'COYA', '070402', 9, 71, '2025-10-28 18:13:02', '2025-10-28 18:13:02', NULL),
	(729, 'LAMAY', '070403', 9, 71, '2025-10-28 18:13:02', '2025-10-28 18:13:02', NULL),
	(730, 'LARES', '070404', 9, 71, '2025-10-28 18:13:03', '2025-10-28 18:13:03', NULL),
	(731, 'PISAC', '070405', 9, 71, '2025-10-28 18:13:03', '2025-10-28 18:13:03', NULL),
	(732, 'SAN SALVADOR', '070406', 9, 71, '2025-10-28 18:13:04', '2025-10-28 18:13:04', NULL),
	(733, 'TARAY', '070407', 9, 71, '2025-10-28 18:13:04', '2025-10-28 18:13:04', NULL),
	(734, 'YANATILE', '070408', 9, 71, '2025-10-28 18:13:04', '2025-10-28 18:13:04', NULL),
	(735, 'YANAOCA', '070501', 9, 72, '2025-10-28 18:13:05', '2025-10-28 18:13:05', NULL),
	(736, 'CHECCA', '070502', 9, 72, '2025-10-28 18:13:06', '2025-10-28 18:13:06', NULL),
	(737, 'KUNTURKANKI', '070503', 9, 72, '2025-10-28 18:13:06', '2025-10-28 18:13:06', NULL),
	(738, 'LANGUI', '070504', 9, 72, '2025-10-28 18:13:06', '2025-10-28 18:13:06', NULL),
	(739, 'LAYO', '070505', 9, 72, '2025-10-28 18:13:07', '2025-10-28 18:13:07', NULL),
	(740, 'PAMPAMARCA', '070506', 9, 72, '2025-10-28 18:13:07', '2025-10-28 18:13:07', NULL),
	(741, 'QUEHUE', '070507', 9, 72, '2025-10-28 18:13:08', '2025-10-28 18:13:08', NULL),
	(742, 'TUPAC AMARU', '070508', 9, 72, '2025-10-28 18:13:08', '2025-10-28 18:13:08', NULL),
	(743, 'SICUANI', '070601', 9, 73, '2025-10-28 18:13:09', '2025-10-28 18:13:09', NULL),
	(744, 'CHECACUPE', '070603', 9, 73, '2025-10-28 18:13:10', '2025-10-28 18:13:10', NULL),
	(745, 'COMBAPATA', '070602', 9, 73, '2025-10-28 18:13:10', '2025-10-28 18:13:10', NULL),
	(746, 'MARANGANI', '070604', 9, 73, '2025-10-28 18:13:11', '2025-10-28 18:13:11', NULL),
	(747, 'PITUMARCA', '070605', 9, 73, '2025-10-28 18:13:11', '2025-10-28 18:13:11', NULL),
	(748, 'SAN PABLO', '070606', 9, 73, '2025-10-28 18:13:12', '2025-10-28 18:13:12', NULL),
	(749, 'SAN PEDRO', '070607', 9, 73, '2025-10-28 18:13:12', '2025-10-28 18:13:12', NULL),
	(750, 'TINTA', '070608', 9, 73, '2025-10-28 18:13:13', '2025-10-28 18:13:13', NULL),
	(751, 'SANTO TOMAS', '070701', 9, 74, '2025-10-28 18:13:14', '2025-10-28 18:13:14', NULL),
	(752, 'CAPACMARCA', '070702', 9, 74, '2025-10-28 18:13:14', '2025-10-28 18:13:14', NULL),
	(753, 'CHAMACA', '070704', 9, 74, '2025-10-28 18:13:15', '2025-10-28 18:13:15', NULL),
	(754, 'COLQUEMARCA', '070703', 9, 74, '2025-10-28 18:13:15', '2025-10-28 18:13:15', NULL),
	(755, 'LIVITACA', '070705', 9, 74, '2025-10-28 18:13:15', '2025-10-28 18:13:15', NULL),
	(756, 'LLUSCO', '070706', 9, 74, '2025-10-28 18:13:16', '2025-10-28 18:13:16', NULL),
	(757, 'QUIÑOTA', '070707', 9, 74, '2025-10-28 18:13:16', '2025-10-28 18:13:16', NULL),
	(758, 'VELILLE', '070708', 9, 74, '2025-10-28 18:13:17', '2025-10-28 18:13:17', NULL),
	(759, 'ESPINAR', '070801', 9, 75, '2025-10-28 18:13:17', '2025-10-28 18:13:17', NULL),
	(760, 'CONDOROMA', '070802', 9, 75, '2025-10-28 18:13:18', '2025-10-28 18:13:18', NULL),
	(761, 'COPORAQUE', '070803', 9, 75, '2025-10-28 18:13:18', '2025-10-28 18:13:18', NULL),
	(762, 'OCORURO', '070804', 9, 75, '2025-10-28 18:13:19', '2025-10-28 18:13:19', NULL),
	(763, 'PALLPATA', '070805', 9, 75, '2025-10-28 18:13:19', '2025-10-28 18:13:19', NULL),
	(764, 'PICHIGUA', '070806', 9, 75, '2025-10-28 18:13:20', '2025-10-28 18:13:20', NULL),
	(765, 'SUYCKUTAMBO', '070807', 9, 75, '2025-10-28 18:13:20', '2025-10-28 18:13:20', NULL),
	(766, 'ALTO PICHIGUA', '070808', 9, 75, '2025-10-28 18:13:20', '2025-10-28 18:13:20', NULL),
	(767, 'SANTA ANA', '070901', 9, 76, '2025-10-28 18:13:21', '2025-10-28 18:13:21', NULL),
	(768, 'ECHARATE', '070902', 9, 76, '2025-10-28 18:13:22', '2025-10-28 18:13:22', NULL),
	(769, 'HUAYOPATA', '070903', 9, 76, '2025-10-28 18:13:22', '2025-10-28 18:13:22', NULL),
	(770, 'MARANURA', '070904', 9, 76, '2025-10-28 18:13:22', '2025-10-28 18:13:22', NULL),
	(771, 'OCOBAMBA', '070905', 9, 76, '2025-10-28 18:13:23', '2025-10-28 18:13:23', NULL),
	(772, 'QUELLOUNO', '070908', 9, 76, '2025-10-28 18:13:23', '2025-10-28 18:13:23', NULL),
	(773, 'QUIMBIRI', '070909', 9, 76, '2025-10-28 18:13:24', '2025-10-28 18:13:24', NULL),
	(774, 'SANTA TERESA', '070906', 9, 76, '2025-10-28 18:13:24', '2025-10-28 18:13:24', NULL),
	(775, 'VILCABAMBA', '070907', 9, 76, '2025-10-28 18:13:25', '2025-10-28 18:13:25', NULL),
	(776, 'PICHARI', '070910', 9, 76, '2025-10-28 18:13:25', '2025-10-28 18:13:25', NULL),
	(777, 'INKAWASI', '070911', 9, 76, '2025-10-28 18:13:25', '2025-10-28 18:13:25', NULL),
	(778, 'VILLA VIRGEN', '070912', 9, 76, '2025-10-28 18:13:26', '2025-10-28 18:13:26', NULL),
	(779, 'VILLA KINTIARINA', '070913', 9, 76, '2025-10-28 18:13:26', '2025-10-28 18:13:26', NULL),
	(780, 'MEGANTONI', '070915', 9, 76, '2025-10-28 18:13:27', '2025-10-28 18:13:27', NULL),
	(781, 'KUMPIRUSHIATO', '070916', 9, 76, '2025-10-28 18:13:27', '2025-10-28 18:13:27', NULL),
	(782, 'CIELO PUNCO', '070917', 9, 76, '2025-10-28 18:13:28', '2025-10-28 18:13:28', NULL),
	(783, 'MANITEA', '070918', 9, 76, '2025-10-28 18:13:28', '2025-10-28 18:13:28', NULL),
	(784, 'UNION ASHÁNINKA', '070919', 9, 76, '2025-10-28 18:13:28', '2025-10-28 18:13:28', NULL),
	(785, 'PARURO', '071001', 9, 77, '2025-10-28 18:13:29', '2025-10-28 18:13:29', NULL),
	(786, 'ACCHA', '071002', 9, 77, '2025-10-28 18:13:30', '2025-10-28 18:13:30', NULL),
	(787, 'CCAPI', '071003', 9, 77, '2025-10-28 18:13:30', '2025-10-28 18:13:30', NULL),
	(788, 'COLCHA', '071004', 9, 77, '2025-10-28 18:13:30', '2025-10-28 18:13:30', NULL),
	(789, 'HUANOQUITE', '071005', 9, 77, '2025-10-28 18:13:31', '2025-10-28 18:13:31', NULL),
	(790, 'OMACHA', '071006', 9, 77, '2025-10-28 18:13:31', '2025-10-28 18:13:31', NULL),
	(791, 'PACCARITAMBO', '071008', 9, 77, '2025-10-28 18:13:32', '2025-10-28 18:13:32', NULL),
	(792, 'PILLPINTO', '071009', 9, 77, '2025-10-28 18:13:33', '2025-10-28 18:13:33', NULL),
	(793, 'YAURISQUE', '071007', 9, 77, '2025-10-28 18:13:33', '2025-10-28 18:13:33', NULL),
	(794, 'PAUCARTAMBO', '071101', 9, 78, '2025-10-28 18:13:34', '2025-10-28 18:13:34', NULL),
	(795, 'CAICAY', '071102', 9, 78, '2025-10-28 18:13:35', '2025-10-28 18:13:35', NULL),
	(796, 'CHALLABAMBA', '071104', 9, 78, '2025-10-28 18:13:35', '2025-10-28 18:13:35', NULL),
	(797, 'COLQUEPATA', '071103', 9, 78, '2025-10-28 18:13:36', '2025-10-28 18:13:36', NULL),
	(798, 'HUANCARANI', '071106', 9, 78, '2025-10-28 18:13:36', '2025-10-28 18:13:36', NULL),
	(799, 'KOSÑIPATA', '071105', 9, 78, '2025-10-28 18:13:37', '2025-10-28 18:13:37', NULL),
	(800, 'URCOS', '071201', 9, 79, '2025-10-28 18:13:37', '2025-10-28 18:13:37', NULL),
	(801, 'ANDAHUAYLILLAS', '071202', 9, 79, '2025-10-28 18:13:38', '2025-10-28 18:13:38', NULL),
	(802, 'CAMANTI', '071203', 9, 79, '2025-10-28 18:13:38', '2025-10-28 18:13:38', NULL),
	(803, 'CCARHUAYO', '071204', 9, 79, '2025-10-28 18:13:39', '2025-10-28 18:13:39', NULL),
	(804, 'CCATCA', '071205', 9, 79, '2025-10-28 18:13:39', '2025-10-28 18:13:39', NULL),
	(805, 'CUSIPATA', '071206', 9, 79, '2025-10-28 18:13:40', '2025-10-28 18:13:40', NULL),
	(806, 'HUARO', '071207', 9, 79, '2025-10-28 18:13:40', '2025-10-28 18:13:40', NULL),
	(807, 'LUCRE', '071208', 9, 79, '2025-10-28 18:13:40', '2025-10-28 18:13:40', NULL),
	(808, 'MARCAPATA', '071209', 9, 79, '2025-10-28 18:13:41', '2025-10-28 18:13:41', NULL),
	(809, 'OCONGATE', '071210', 9, 79, '2025-10-28 18:13:41', '2025-10-28 18:13:41', NULL),
	(810, 'OROPESA', '071211', 9, 79, '2025-10-28 18:13:42', '2025-10-28 18:13:42', NULL),
	(811, 'QUIQUIJANA', '071212', 9, 79, '2025-10-28 18:13:42', '2025-10-28 18:13:42', NULL),
	(812, 'URUBAMBA', '071301', 9, 80, '2025-10-28 18:13:43', '2025-10-28 18:13:43', NULL),
	(813, 'CHINCHERO', '071302', 9, 80, '2025-10-28 18:13:43', '2025-10-28 18:13:43', NULL),
	(814, 'HUAYLLABAMBA', '071303', 9, 80, '2025-10-28 18:13:44', '2025-10-28 18:13:44', NULL),
	(815, 'MACHUPICCHU', '071304', 9, 80, '2025-10-28 18:13:44', '2025-10-28 18:13:44', NULL),
	(816, 'MARAS', '071305', 9, 80, '2025-10-28 18:13:45', '2025-10-28 18:13:45', NULL),
	(817, 'OLLANTAYTAMBO', '071306', 9, 80, '2025-10-28 18:13:45', '2025-10-28 18:13:45', NULL),
	(818, 'YUCAY', '071307', 9, 80, '2025-10-28 18:13:45', '2025-10-28 18:13:45', NULL),
	(819, 'HUANCAVELICA', '080101', 10, 81, '2025-10-28 18:13:47', '2025-10-28 18:13:47', NULL),
	(820, 'ACOBAMBILLA', '080102', 10, 81, '2025-10-28 18:13:47', '2025-10-28 18:13:47', NULL),
	(821, 'ACORIA', '080103', 10, 81, '2025-10-28 18:13:47', '2025-10-28 18:13:47', NULL),
	(822, 'CONAYCA', '080104', 10, 81, '2025-10-28 18:13:48', '2025-10-28 18:13:48', NULL),
	(823, 'CUENCA', '080105', 10, 81, '2025-10-28 18:13:48', '2025-10-28 18:13:48', NULL),
	(824, 'HUACHOCOLPA', '080106', 10, 81, '2025-10-28 18:13:49', '2025-10-28 18:13:49', NULL),
	(825, 'HUAYLLAHUARA', '080108', 10, 81, '2025-10-28 18:13:49', '2025-10-28 18:13:49', NULL),
	(826, 'IZCUCHACA', '080109', 10, 81, '2025-10-28 18:13:50', '2025-10-28 18:13:50', NULL),
	(827, 'LARIA', '080110', 10, 81, '2025-10-28 18:13:50', '2025-10-28 18:13:50', NULL),
	(828, 'MANTA', '080111', 10, 81, '2025-10-28 18:13:50', '2025-10-28 18:13:50', NULL),
	(829, 'MARISCAL CACERES', '080112', 10, 81, '2025-10-28 18:13:51', '2025-10-28 18:13:51', NULL),
	(830, 'MOYA', '080113', 10, 81, '2025-10-28 18:13:51', '2025-10-28 18:13:51', NULL),
	(831, 'NUEVO OCCORO', '080114', 10, 81, '2025-10-28 18:13:52', '2025-10-28 18:13:52', NULL),
	(832, 'PALCA', '080115', 10, 81, '2025-10-28 18:13:52', '2025-10-28 18:13:52', NULL),
	(833, 'PILCHACA', '080116', 10, 81, '2025-10-28 18:13:53', '2025-10-28 18:13:53', NULL),
	(834, 'VILCA', '080117', 10, 81, '2025-10-28 18:13:53', '2025-10-28 18:13:53', NULL),
	(835, 'YAULI', '080118', 10, 81, '2025-10-28 18:13:53', '2025-10-28 18:13:53', NULL),
	(836, 'ASCENSION', '080119', 10, 81, '2025-10-28 18:13:54', '2025-10-28 18:13:54', NULL),
	(837, 'HUANDO', '080120', 10, 81, '2025-10-28 18:13:54', '2025-10-28 18:13:54', NULL),
	(838, 'ACOBAMBA', '080201', 10, 82, '2025-10-28 18:13:55', '2025-10-28 18:13:55', NULL),
	(839, 'ANDABAMBA', '080203', 10, 82, '2025-10-28 18:13:56', '2025-10-28 18:13:56', NULL),
	(840, 'ANTA', '080202', 10, 82, '2025-10-28 18:13:56', '2025-10-28 18:13:56', NULL),
	(841, 'CAJA', '080204', 10, 82, '2025-10-28 18:13:57', '2025-10-28 18:13:57', NULL),
	(842, 'MARCAS', '080205', 10, 82, '2025-10-28 18:13:57', '2025-10-28 18:13:57', NULL),
	(843, 'PAUCARA', '080206', 10, 82, '2025-10-28 18:13:58', '2025-10-28 18:13:58', NULL),
	(844, 'POMACOCHA', '080207', 10, 82, '2025-10-28 18:13:58', '2025-10-28 18:13:58', NULL),
	(845, 'ROSARIO', '080208', 10, 82, '2025-10-28 18:13:59', '2025-10-28 18:13:59', NULL),
	(846, 'LIRCAY', '080301', 10, 83, '2025-10-28 18:14:00', '2025-10-28 18:14:00', NULL),
	(847, 'ANCHONGA', '080302', 10, 83, '2025-10-28 18:14:00', '2025-10-28 18:14:00', NULL),
	(848, 'CALLANMARCA', '080303', 10, 83, '2025-10-28 18:14:01', '2025-10-28 18:14:01', NULL),
	(849, 'CCOCHACCASA', '080312', 10, 83, '2025-10-28 18:14:01', '2025-10-28 18:14:01', NULL),
	(850, 'CHINCHO', '080305', 10, 83, '2025-10-28 18:14:02', '2025-10-28 18:14:02', NULL),
	(851, 'CONGALLA', '080304', 10, 83, '2025-10-28 18:14:02', '2025-10-28 18:14:02', NULL),
	(852, 'HUANCA-HUANCA', '080307', 10, 83, '2025-10-28 18:14:03', '2025-10-28 18:14:03', NULL),
	(853, 'HUAYLLAY GRANDE', '080306', 10, 83, '2025-10-28 18:14:03', '2025-10-28 18:14:03', NULL),
	(854, 'JULCAMARCA', '080308', 10, 83, '2025-10-28 18:14:03', '2025-10-28 18:14:03', NULL),
	(855, 'SAN ANTONIO DE ANTAP', '080309', 10, 83, '2025-10-28 18:14:04', '2025-10-28 18:14:04', NULL),
	(856, 'SANTO TOMAS DE PATA', '080310', 10, 83, '2025-10-28 18:14:04', '2025-10-28 18:14:04', NULL),
	(857, 'SECCLLA', '080311', 10, 83, '2025-10-28 18:14:05', '2025-10-28 18:14:05', NULL),
	(858, 'CASTROVIRREYNA', '080401', 10, 84, '2025-10-28 18:14:06', '2025-10-28 18:14:06', NULL),
	(859, 'ARMA', '080402', 10, 84, '2025-10-28 18:14:06', '2025-10-28 18:14:06', NULL),
	(860, 'AURAHUA', '080403', 10, 84, '2025-10-28 18:14:07', '2025-10-28 18:14:07', NULL),
	(861, 'CAPILLAS', '080405', 10, 84, '2025-10-28 18:14:07', '2025-10-28 18:14:07', NULL),
	(862, 'CHUPAMARCA', '080408', 10, 84, '2025-10-28 18:14:08', '2025-10-28 18:14:08', NULL),
	(863, 'COCAS', '080406', 10, 84, '2025-10-28 18:14:08', '2025-10-28 18:14:08', NULL),
	(864, 'HUACHOS', '080409', 10, 84, '2025-10-28 18:14:08', '2025-10-28 18:14:08', NULL),
	(865, 'HUAMATAMBO', '080410', 10, 84, '2025-10-28 18:14:09', '2025-10-28 18:14:09', NULL),
	(866, 'MOLLEPAMPA', '080414', 10, 84, '2025-10-28 18:14:09', '2025-10-28 18:14:09', NULL),
	(867, 'SAN JUAN', '080422', 10, 84, '2025-10-28 18:14:10', '2025-10-28 18:14:10', NULL),
	(868, 'SANTA ANA', '080429', 10, 84, '2025-10-28 18:14:10', '2025-10-28 18:14:10', NULL),
	(869, 'TANTARA', '080427', 10, 84, '2025-10-28 18:14:11', '2025-10-28 18:14:11', NULL),
	(870, 'TICRAPO', '080428', 10, 84, '2025-10-28 18:14:11', '2025-10-28 18:14:11', NULL),
	(871, 'CHURCAMPA', '080701', 10, 85, '2025-10-28 18:14:12', '2025-10-28 18:14:12', NULL),
	(872, 'ANCO', '080702', 10, 85, '2025-10-28 18:14:12', '2025-10-28 18:14:12', NULL),
	(873, 'CHINCHIHUASI', '080703', 10, 85, '2025-10-28 18:14:13', '2025-10-28 18:14:13', NULL),
	(874, 'EL CARMEN', '080704', 10, 85, '2025-10-28 18:14:13', '2025-10-28 18:14:13', NULL),
	(875, 'LA MERCED', '080705', 10, 85, '2025-10-28 18:14:14', '2025-10-28 18:14:14', NULL),
	(876, 'LOCROJA', '080706', 10, 85, '2025-10-28 18:14:14', '2025-10-28 18:14:14', NULL),
	(877, 'PAUCARBAMBA', '080707', 10, 85, '2025-10-28 18:14:14', '2025-10-28 18:14:14', NULL),
	(878, 'SAN MIGUEL DE MAYOCC', '080708', 10, 85, '2025-10-28 18:14:15', '2025-10-28 18:14:15', NULL),
	(879, 'SAN PEDRO DE CORIS', '080709', 10, 85, '2025-10-28 18:14:15', '2025-10-28 18:14:15', NULL),
	(880, 'PACHAMARCA', '080710', 10, 85, '2025-10-28 18:14:16', '2025-10-28 18:14:16', NULL),
	(881, 'COSME', '080711', 10, 85, '2025-10-28 18:14:16', '2025-10-28 18:14:16', NULL),
	(882, 'HUAYTARA', '080604', 10, 86, '2025-10-28 18:14:17', '2025-10-28 18:14:17', NULL),
	(883, 'AYAVI', '080601', 10, 86, '2025-10-28 18:14:17', '2025-10-28 18:14:17', NULL),
	(884, 'CORDOVA', '080602', 10, 86, '2025-10-28 18:14:18', '2025-10-28 18:14:18', NULL),
	(885, 'HUAYACUNDO ARMA', '080603', 10, 86, '2025-10-28 18:14:18', '2025-10-28 18:14:18', NULL),
	(886, 'LARAMARCA', '080605', 10, 86, '2025-10-28 18:14:19', '2025-10-28 18:14:19', NULL),
	(887, 'OCOYO', '080606', 10, 86, '2025-10-28 18:14:19', '2025-10-28 18:14:19', NULL),
	(888, 'PILPICHACA', '080607', 10, 86, '2025-10-28 18:14:20', '2025-10-28 18:14:20', NULL),
	(889, 'QUERCO', '080608', 10, 86, '2025-10-28 18:14:20', '2025-10-28 18:14:20', NULL),
	(890, 'QUITO-ARMA', '080609', 10, 86, '2025-10-28 18:14:21', '2025-10-28 18:14:21', NULL),
	(891, 'SAN ANTONIO DE CUSIC', '080610', 10, 86, '2025-10-28 18:14:21', '2025-10-28 18:14:21', NULL),
	(892, 'SAN FRANCISCO DE SAN', '080611', 10, 86, '2025-10-28 18:14:22', '2025-10-28 18:14:22', NULL),
	(893, 'SAN ISIDRO', '080612', 10, 86, '2025-10-28 18:14:22', '2025-10-28 18:14:22', NULL),
	(894, 'SANTIAGO DE CHOCORVO', '080613', 10, 86, '2025-10-28 18:14:23', '2025-10-28 18:14:23', NULL),
	(895, 'SANTIAGO DE QUIRAHUA', '080614', 10, 86, '2025-10-28 18:14:23', '2025-10-28 18:14:23', NULL),
	(896, 'SANTO DOMINGO DE CAP', '080615', 10, 86, '2025-10-28 18:14:24', '2025-10-28 18:14:24', NULL),
	(897, 'TAMBO', '080616', 10, 86, '2025-10-28 18:14:24', '2025-10-28 18:14:24', NULL),
	(898, 'PAMPAS', '080501', 10, 87, '2025-10-28 18:14:25', '2025-10-28 18:14:25', NULL),
	(899, 'ACOSTAMBO', '080502', 10, 87, '2025-10-28 18:14:25', '2025-10-28 18:14:25', NULL),
	(900, 'ACRAQUIA', '080503', 10, 87, '2025-10-28 18:14:26', '2025-10-28 18:14:26', NULL),
	(901, 'AHUAYCHA', '080504', 10, 87, '2025-10-28 18:14:26', '2025-10-28 18:14:26', NULL),
	(902, 'COLCABAMBA', '080506', 10, 87, '2025-10-28 18:14:27', '2025-10-28 18:14:27', NULL),
	(903, 'DANIEL HERNANDEZ', '080509', 10, 87, '2025-10-28 18:14:27', '2025-10-28 18:14:27', NULL),
	(904, 'HUACHOCOLPA', '080511', 10, 87, '2025-10-28 18:14:28', '2025-10-28 18:14:28', NULL),
	(905, 'HUARIBAMBA', '080512', 10, 87, '2025-10-28 18:14:28', '2025-10-28 18:14:28', NULL),
	(906, 'ÑAHUIMPUQUIO', '080515', 10, 87, '2025-10-28 18:14:28', '2025-10-28 18:14:28', NULL),
	(907, 'PAZOS', '080517', 10, 87, '2025-10-28 18:14:29', '2025-10-28 18:14:29', NULL),
	(908, 'QUISHUAR', '080518', 10, 87, '2025-10-28 18:14:29', '2025-10-28 18:14:29', NULL),
	(909, 'SALCABAMBA', '080519', 10, 87, '2025-10-28 18:14:30', '2025-10-28 18:14:30', NULL),
	(910, 'SALCAHUASI', '080526', 10, 87, '2025-10-28 18:14:30', '2025-10-28 18:14:30', NULL),
	(911, 'SAN MARCOS DE ROCCHA', '080520', 10, 87, '2025-10-28 18:14:31', '2025-10-28 18:14:31', NULL),
	(912, 'SURCUBAMBA', '080523', 10, 87, '2025-10-28 18:14:31', '2025-10-28 18:14:31', NULL),
	(913, 'TINTAY PUNCU', '080525', 10, 87, '2025-10-28 18:14:31', '2025-10-28 18:14:31', NULL),
	(914, 'QUICHUAS', '080528', 10, 87, '2025-10-28 18:14:32', '2025-10-28 18:14:32', NULL),
	(915, 'ANDAYMARCA', '080529', 10, 87, '2025-10-28 18:14:32', '2025-10-28 18:14:32', NULL),
	(916, 'ROBLE', '080530', 10, 87, '2025-10-28 18:14:33', '2025-10-28 18:14:33', NULL),
	(917, 'PICHOS', '080531', 10, 87, '2025-10-28 18:14:33', '2025-10-28 18:14:33', NULL),
	(918, 'SANTIAGO DE TUCUMA', '080532', 10, 87, '2025-10-28 18:14:34', '2025-10-28 18:14:34', NULL),
	(919, 'LAMBRAS', '080533', 10, 87, '2025-10-28 18:14:34', '2025-10-28 18:14:34', NULL),
	(920, 'COCHABAMBA', '080534', 10, 87, '2025-10-28 18:14:35', '2025-10-28 18:14:35', NULL),
	(921, 'HUANUCO', '090101', 11, 88, '2025-10-28 18:14:36', '2025-10-28 18:14:36', NULL),
	(922, 'AMARILIS', '090110', 11, 88, '2025-10-28 18:14:37', '2025-10-28 18:14:37', NULL),
	(923, 'CHINCHAO', '090102', 11, 88, '2025-10-28 18:14:37', '2025-10-28 18:14:37', NULL),
	(924, 'CHURUBAMBA', '090103', 11, 88, '2025-10-28 18:14:37', '2025-10-28 18:14:37', NULL),
	(925, 'MARGOS', '090104', 11, 88, '2025-10-28 18:14:38', '2025-10-28 18:14:38', NULL),
	(926, 'QUISQUI', '090105', 11, 88, '2025-10-28 18:14:38', '2025-10-28 18:14:38', NULL),
	(927, 'SAN FRANCISCO DE CAY', '090106', 11, 88, '2025-10-28 18:14:39', '2025-10-28 18:14:39', NULL),
	(928, 'SAN PEDRO DE CHAULAN', '090107', 11, 88, '2025-10-28 18:14:39', '2025-10-28 18:14:39', NULL),
	(929, 'SANTA MARIA DEL VALL', '090108', 11, 88, '2025-10-28 18:14:40', '2025-10-28 18:14:40', NULL),
	(930, 'YARUMAYO', '090109', 11, 88, '2025-10-28 18:14:40', '2025-10-28 18:14:40', NULL),
	(931, 'PILLCO MARCA', '090111', 11, 88, '2025-10-28 18:14:40', '2025-10-28 18:14:40', NULL),
	(932, 'YACUS', '090112', 11, 88, '2025-10-28 18:14:41', '2025-10-28 18:14:41', NULL),
	(933, 'SAN PABLO DE PILLAO', '090113', 11, 88, '2025-10-28 18:14:41', '2025-10-28 18:14:41', NULL),
	(934, 'AMBO', '090201', 11, 89, '2025-10-28 18:14:42', '2025-10-28 18:14:42', NULL),
	(935, 'CAYNA', '090202', 11, 89, '2025-10-28 18:14:43', '2025-10-28 18:14:43', NULL),
	(936, 'COLPAS', '090203', 11, 89, '2025-10-28 18:14:43', '2025-10-28 18:14:43', NULL),
	(937, 'CONCHAMARCA', '090204', 11, 89, '2025-10-28 18:14:43', '2025-10-28 18:14:43', NULL),
	(938, 'HUACAR', '090205', 11, 89, '2025-10-28 18:14:44', '2025-10-28 18:14:44', NULL),
	(939, 'SAN FRANCISCO', '090206', 11, 89, '2025-10-28 18:14:44', '2025-10-28 18:14:44', NULL),
	(940, 'SAN RAFAEL', '090207', 11, 89, '2025-10-28 18:14:45', '2025-10-28 18:14:45', NULL),
	(941, 'TOMAY KICHWA', '090208', 11, 89, '2025-10-28 18:14:45', '2025-10-28 18:14:45', NULL),
	(942, 'LA UNION', '090301', 11, 90, '2025-10-28 18:14:46', '2025-10-28 18:14:46', NULL),
	(943, 'CHUQUIS', '090307', 11, 90, '2025-10-28 18:14:47', '2025-10-28 18:14:47', NULL),
	(944, 'MARIAS', '090312', 11, 90, '2025-10-28 18:14:47', '2025-10-28 18:14:47', NULL),
	(945, 'PACHAS', '090314', 11, 90, '2025-10-28 18:14:48', '2025-10-28 18:14:48', NULL),
	(946, 'QUIVILLA', '090316', 11, 90, '2025-10-28 18:14:48', '2025-10-28 18:14:48', NULL),
	(947, 'RIPAN', '090317', 11, 90, '2025-10-28 18:14:48', '2025-10-28 18:14:48', NULL),
	(948, 'SHUNQUI', '090321', 11, 90, '2025-10-28 18:14:49', '2025-10-28 18:14:49', NULL),
	(949, 'SILLAPATA', '090322', 11, 90, '2025-10-28 18:14:49', '2025-10-28 18:14:49', NULL),
	(950, 'YANAS', '090323', 11, 90, '2025-10-28 18:14:50', '2025-10-28 18:14:50', NULL),
	(951, 'HUACAYBAMBA', '090901', 11, 91, '2025-10-28 18:14:51', '2025-10-28 18:14:51', NULL),
	(952, 'CANCHABAMBA', '090903', 11, 91, '2025-10-28 18:14:51', '2025-10-28 18:14:51', NULL),
	(953, 'COCHABAMBA', '090904', 11, 91, '2025-10-28 18:14:52', '2025-10-28 18:14:52', NULL),
	(954, 'PINRA', '090902', 11, 91, '2025-10-28 18:14:52', '2025-10-28 18:14:52', NULL),
	(955, 'LLATA', '090401', 11, 92, '2025-10-28 18:14:53', '2025-10-28 18:14:53', NULL),
	(956, 'ARANCAY', '090402', 11, 92, '2025-10-28 18:14:54', '2025-10-28 18:14:54', NULL),
	(957, 'CHAVIN DE PARIARCA', '090403', 11, 92, '2025-10-28 18:14:54', '2025-10-28 18:14:54', NULL),
	(958, 'JACAS GRANDE', '090404', 11, 92, '2025-10-28 18:14:55', '2025-10-28 18:14:55', NULL),
	(959, 'JIRCAN', '090405', 11, 92, '2025-10-28 18:14:55', '2025-10-28 18:14:55', NULL),
	(960, 'MIRAFLORES', '090406', 11, 92, '2025-10-28 18:14:55', '2025-10-28 18:14:55', NULL),
	(961, 'MONZON', '090407', 11, 92, '2025-10-28 18:14:56', '2025-10-28 18:14:56', NULL),
	(962, 'PUNCHAO', '090408', 11, 92, '2025-10-28 18:14:56', '2025-10-28 18:14:56', NULL),
	(963, 'PUÑOS', '090409', 11, 92, '2025-10-28 18:14:57', '2025-10-28 18:14:57', NULL),
	(964, 'SINGA', '090410', 11, 92, '2025-10-28 18:14:57', '2025-10-28 18:14:57', NULL),
	(965, 'TANTAMAYO', '090411', 11, 92, '2025-10-28 18:14:57', '2025-10-28 18:14:57', NULL),
	(966, 'RUPA-RUPA', '090601', 11, 93, '2025-10-28 18:14:58', '2025-10-28 18:14:58', NULL),
	(967, 'DANIEL ALOMIAS ROBLE', '090602', 11, 93, '2025-10-28 18:14:59', '2025-10-28 18:14:59', NULL),
	(968, 'HERMILIO VALDIZAN', '090603', 11, 93, '2025-10-28 18:14:59', '2025-10-28 18:14:59', NULL),
	(969, 'JOSE CRESPO Y CASTIL', '090606', 11, 93, '2025-10-28 18:15:00', '2025-10-28 18:15:00', NULL),
	(970, 'LUYANDO', '090604', 11, 93, '2025-10-28 18:15:00', '2025-10-28 18:15:00', NULL),
	(971, 'MARIANO DAMASO BERAU', '090605', 11, 93, '2025-10-28 18:15:00', '2025-10-28 18:15:00', NULL),
	(972, 'PUCAYACU', '090607', 11, 93, '2025-10-28 18:15:01', '2025-10-28 18:15:01', NULL),
	(973, 'CASTILLO GRANDE', '090608', 11, 93, '2025-10-28 18:15:01', '2025-10-28 18:15:01', NULL),
	(974, 'PUEBLO NUEVO', '090609', 11, 93, '2025-10-28 18:15:02', '2025-10-28 18:15:02', NULL),
	(975, 'SANTO DOMINGO DE AND', '090610', 11, 93, '2025-10-28 18:15:02', '2025-10-28 18:15:02', NULL),
	(976, 'HUACRACHUCO', '090501', 11, 94, '2025-10-28 18:15:03', '2025-10-28 18:15:03', NULL),
	(977, 'CHOLON', '090502', 11, 94, '2025-10-28 18:15:03', '2025-10-28 18:15:03', NULL),
	(978, 'SAN BUENAVENTURA', '090505', 11, 94, '2025-10-28 18:15:04', '2025-10-28 18:15:04', NULL),
	(979, 'LA MORADA', '090506', 11, 94, '2025-10-28 18:15:04', '2025-10-28 18:15:04', NULL),
	(980, 'SANTA ROSA DE ALTO Y', '090507', 11, 94, '2025-10-28 18:15:05', '2025-10-28 18:15:05', NULL),
	(981, 'PANAO', '090701', 11, 95, '2025-10-28 18:15:06', '2025-10-28 18:15:06', NULL),
	(982, 'CHAGLLA', '090702', 11, 95, '2025-10-28 18:15:06', '2025-10-28 18:15:06', NULL),
	(983, 'MOLINO', '090704', 11, 95, '2025-10-28 18:15:07', '2025-10-28 18:15:07', NULL),
	(984, 'UMARI', '090706', 11, 95, '2025-10-28 18:15:07', '2025-10-28 18:15:07', NULL),
	(985, 'PUERTO INCA', '090802', 11, 96, '2025-10-28 18:15:08', '2025-10-28 18:15:08', NULL),
	(986, 'CODO DEL POZUZO', '090803', 11, 96, '2025-10-28 18:15:08', '2025-10-28 18:15:08', NULL),
	(987, 'HONORIA', '090801', 11, 96, '2025-10-28 18:15:09', '2025-10-28 18:15:09', NULL),
	(988, 'TOURNAVISTA', '090804', 11, 96, '2025-10-28 18:15:09', '2025-10-28 18:15:09', NULL),
	(989, 'YUYAPICHIS', '090805', 11, 96, '2025-10-28 18:15:10', '2025-10-28 18:15:10', NULL),
	(990, 'JESUS', '091001', 11, 97, '2025-10-28 18:15:11', '2025-10-28 18:15:11', NULL),
	(991, 'BAÑOS', '091002', 11, 97, '2025-10-28 18:15:12', '2025-10-28 18:15:12', NULL),
	(992, 'JIVIA', '091007', 11, 97, '2025-10-28 18:15:12', '2025-10-28 18:15:12', NULL),
	(993, 'QUEROPALCA', '091004', 11, 97, '2025-10-28 18:15:12', '2025-10-28 18:15:12', NULL),
	(994, 'RONDOS', '091006', 11, 97, '2025-10-28 18:15:13', '2025-10-28 18:15:13', NULL),
	(995, 'SAN FRANCISCO DE ASI', '091003', 11, 97, '2025-10-28 18:15:13', '2025-10-28 18:15:13', NULL),
	(996, 'SAN MIGUEL DE CAURI', '091005', 11, 97, '2025-10-28 18:15:14', '2025-10-28 18:15:14', NULL),
	(997, 'CHAVINILLO', '091101', 11, 98, '2025-10-28 18:15:15', '2025-10-28 18:15:15', NULL),
	(998, 'CAHUAC', '091103', 11, 98, '2025-10-28 18:15:15', '2025-10-28 18:15:15', NULL),
	(999, 'CHACABAMBA', '091104', 11, 98, '2025-10-28 18:15:16', '2025-10-28 18:15:16', NULL),
	(1000, 'APARICIO POMARES', '091102', 11, 98, '2025-10-28 18:15:16', '2025-10-28 18:15:16', NULL),
	(1001, 'JACAS CHICO', '091105', 11, 98, '2025-10-28 18:15:16', '2025-10-28 18:15:16', NULL),
	(1002, 'OBAS', '091106', 11, 98, '2025-10-28 18:15:17', '2025-10-28 18:15:17', NULL),
	(1003, 'PAMPAMARCA', '091107', 11, 98, '2025-10-28 18:15:17', '2025-10-28 18:15:17', NULL),
	(1004, 'CHORAS', '091108', 11, 98, '2025-10-28 18:15:18', '2025-10-28 18:15:18', NULL),
	(1005, 'ICA', '100101', 12, 99, '2025-10-28 18:15:19', '2025-10-28 18:15:19', NULL),
	(1006, 'LA TINGUIÑA', '100102', 12, 99, '2025-10-28 18:15:19', '2025-10-28 18:15:19', NULL),
	(1007, 'LOS AQUIJES', '100103', 12, 99, '2025-10-28 18:15:20', '2025-10-28 18:15:20', NULL),
	(1008, 'OCUCAJE', '100114', 12, 99, '2025-10-28 18:15:20', '2025-10-28 18:15:20', NULL),
	(1009, 'PACHACUTEC', '100113', 12, 99, '2025-10-28 18:15:21', '2025-10-28 18:15:21', NULL),
	(1010, 'PARCONA', '100104', 12, 99, '2025-10-28 18:15:21', '2025-10-28 18:15:21', NULL),
	(1011, 'PUEBLO NUEVO', '100105', 12, 99, '2025-10-28 18:15:22', '2025-10-28 18:15:22', NULL),
	(1012, 'SALAS', '100106', 12, 99, '2025-10-28 18:15:22', '2025-10-28 18:15:22', NULL),
	(1013, 'SAN JOSE DE LOS MOLI', '100107', 12, 99, '2025-10-28 18:15:22', '2025-10-28 18:15:22', NULL),
	(1014, 'SAN JUAN BAUTISTA', '100108', 12, 99, '2025-10-28 18:15:23', '2025-10-28 18:15:23', NULL),
	(1015, 'SANTIAGO', '100109', 12, 99, '2025-10-28 18:15:23', '2025-10-28 18:15:23', NULL),
	(1016, 'SUBTANJALLA', '100110', 12, 99, '2025-10-28 18:15:24', '2025-10-28 18:15:24', NULL),
	(1017, 'TATE', '100112', 12, 99, '2025-10-28 18:15:24', '2025-10-28 18:15:24', NULL),
	(1018, 'YAUCA DEL ROSARIO', '100111', 12, 99, '2025-10-28 18:15:25', '2025-10-28 18:15:25', NULL),
	(1019, 'CHINCHA ALTA', '100201', 12, 100, '2025-10-28 18:15:25', '2025-10-28 18:15:25', NULL),
	(1020, 'ALTO LARAN', '100209', 12, 100, '2025-10-28 18:15:26', '2025-10-28 18:15:26', NULL),
	(1021, 'CHAVIN', '100202', 12, 100, '2025-10-28 18:15:26', '2025-10-28 18:15:26', NULL),
	(1022, 'CHINCHA BAJA', '100203', 12, 100, '2025-10-28 18:15:27', '2025-10-28 18:15:27', NULL),
	(1023, 'EL CARMEN', '100204', 12, 100, '2025-10-28 18:15:27', '2025-10-28 18:15:27', NULL),
	(1024, 'GROCIO PRADO', '100205', 12, 100, '2025-10-28 18:15:28', '2025-10-28 18:15:28', NULL),
	(1025, 'PUEBLO NUEVO', '100210', 12, 100, '2025-10-28 18:15:28', '2025-10-28 18:15:28', NULL),
	(1026, 'SAN JUAN DE YANAC', '100211', 12, 100, '2025-10-28 18:15:28', '2025-10-28 18:15:28', NULL),
	(1027, 'SAN PEDRO DE HUACARP', '100206', 12, 100, '2025-10-28 18:15:29', '2025-10-28 18:15:29', NULL),
	(1028, 'SUNAMPE', '100207', 12, 100, '2025-10-28 18:15:29', '2025-10-28 18:15:29', NULL),
	(1029, 'TAMBO DE MORA', '100208', 12, 100, '2025-10-28 18:15:30', '2025-10-28 18:15:30', NULL),
	(1030, 'NAZCA', '100301', 12, 101, '2025-10-28 18:15:31', '2025-10-28 18:15:31', NULL),
	(1031, 'CHANGUILLO', '100302', 12, 101, '2025-10-28 18:15:31', '2025-10-28 18:15:31', NULL),
	(1032, 'EL INGENIO', '100303', 12, 101, '2025-10-28 18:15:31', '2025-10-28 18:15:31', NULL),
	(1033, 'MARCONA', '100304', 12, 101, '2025-10-28 18:15:32', '2025-10-28 18:15:32', NULL),
	(1034, 'VISTA ALEGRE', '100305', 12, 101, '2025-10-28 18:15:32', '2025-10-28 18:15:32', NULL),
	(1035, 'PALPA', '100501', 12, 102, '2025-10-28 18:15:33', '2025-10-28 18:15:33', NULL),
	(1036, 'LLIPATA', '100502', 12, 102, '2025-10-28 18:15:34', '2025-10-28 18:15:34', NULL),
	(1037, 'RIO GRANDE', '100503', 12, 102, '2025-10-28 18:15:34', '2025-10-28 18:15:34', NULL),
	(1038, 'SANTA CRUZ', '100504', 12, 102, '2025-10-28 18:15:35', '2025-10-28 18:15:35', NULL),
	(1039, 'TIBILLO', '100505', 12, 102, '2025-10-28 18:15:35', '2025-10-28 18:15:35', NULL),
	(1040, 'PISCO', '100401', 12, 103, '2025-10-28 18:15:36', '2025-10-28 18:15:36', NULL),
	(1041, 'HUANCANO', '100402', 12, 103, '2025-10-28 18:15:37', '2025-10-28 18:15:37', NULL),
	(1042, 'HUMAY', '100403', 12, 103, '2025-10-28 18:15:37', '2025-10-28 18:15:37', NULL),
	(1043, 'INDEPENDENCIA', '100404', 12, 103, '2025-10-28 18:15:37', '2025-10-28 18:15:37', NULL),
	(1044, 'PARACAS', '100405', 12, 103, '2025-10-28 18:15:38', '2025-10-28 18:15:38', NULL),
	(1045, 'SAN ANDRES', '100406', 12, 103, '2025-10-28 18:15:38', '2025-10-28 18:15:38', NULL),
	(1046, 'SAN CLEMENTE', '100407', 12, 103, '2025-10-28 18:15:39', '2025-10-28 18:15:39', NULL),
	(1047, 'TUPAC AMARU INCA', '100408', 12, 103, '2025-10-28 18:15:39', '2025-10-28 18:15:39', NULL),
	(1048, 'HUANCAYO', '110101', 13, 104, '2025-10-28 18:15:41', '2025-10-28 18:15:41', NULL),
	(1049, 'CARHUACALLANGA', '110103', 13, 104, '2025-10-28 18:15:41', '2025-10-28 18:15:41', NULL),
	(1050, 'CHACAPAMPA', '110106', 13, 104, '2025-10-28 18:15:42', '2025-10-28 18:15:42', NULL),
	(1051, 'CHICCHE', '110107', 13, 104, '2025-10-28 18:15:42', '2025-10-28 18:15:42', NULL),
	(1052, 'CHILCA', '110108', 13, 104, '2025-10-28 18:15:42', '2025-10-28 18:15:42', NULL),
	(1053, 'CHONGOS ALTO', '110109', 13, 104, '2025-10-28 18:15:43', '2025-10-28 18:15:43', NULL),
	(1054, 'CHUPURO', '110112', 13, 104, '2025-10-28 18:15:43', '2025-10-28 18:15:43', NULL),
	(1055, 'COLCA', '110104', 13, 104, '2025-10-28 18:15:44', '2025-10-28 18:15:44', NULL),
	(1056, 'CULLHUAS', '110105', 13, 104, '2025-10-28 18:15:44', '2025-10-28 18:15:44', NULL),
	(1057, 'EL TAMBO', '110113', 13, 104, '2025-10-28 18:15:45', '2025-10-28 18:15:45', NULL),
	(1058, 'HUACRAPUQUIO', '110114', 13, 104, '2025-10-28 18:15:45', '2025-10-28 18:15:45', NULL),
	(1059, 'HUALHUAS', '110116', 13, 104, '2025-10-28 18:15:46', '2025-10-28 18:15:46', NULL),
	(1060, 'HUANCAN', '110118', 13, 104, '2025-10-28 18:15:46', '2025-10-28 18:15:46', NULL),
	(1061, 'HUASICANCHA', '110119', 13, 104, '2025-10-28 18:15:47', '2025-10-28 18:15:47', NULL),
	(1062, 'HUAYUCACHI', '110120', 13, 104, '2025-10-28 18:15:47', '2025-10-28 18:15:47', NULL),
	(1063, 'INGENIO', '110121', 13, 104, '2025-10-28 18:15:47', '2025-10-28 18:15:47', NULL),
	(1064, 'PARIAHUANCA', '110122', 13, 104, '2025-10-28 18:15:48', '2025-10-28 18:15:48', NULL),
	(1065, 'PILCOMAYO', '110123', 13, 104, '2025-10-28 18:15:48', '2025-10-28 18:15:48', NULL),
	(1066, 'PUCARA', '110124', 13, 104, '2025-10-28 18:15:49', '2025-10-28 18:15:49', NULL),
	(1067, 'QUICHUAY', '110125', 13, 104, '2025-10-28 18:15:49', '2025-10-28 18:15:49', NULL),
	(1068, 'QUILCAS', '110126', 13, 104, '2025-10-28 18:15:50', '2025-10-28 18:15:50', NULL),
	(1069, 'SAN AGUSTIN', '110127', 13, 104, '2025-10-28 18:15:50', '2025-10-28 18:15:50', NULL),
	(1070, 'SAN JERONIMO DE TUNA', '110128', 13, 104, '2025-10-28 18:15:50', '2025-10-28 18:15:50', NULL),
	(1071, 'SAÑO', '110132', 13, 104, '2025-10-28 18:15:51', '2025-10-28 18:15:51', NULL),
	(1072, 'SAPALLANGA', '110133', 13, 104, '2025-10-28 18:15:51', '2025-10-28 18:15:51', NULL),
	(1073, 'SICAYA', '110134', 13, 104, '2025-10-28 18:15:52', '2025-10-28 18:15:52', NULL),
	(1074, 'SANTO DOMINGO DE ACO', '110131', 13, 104, '2025-10-28 18:15:52', '2025-10-28 18:15:52', NULL),
	(1075, 'VIQUES', '110136', 13, 104, '2025-10-28 18:15:53', '2025-10-28 18:15:53', NULL),
	(1076, 'CONCEPCION', '110201', 13, 105, '2025-10-28 18:15:53', '2025-10-28 18:15:53', NULL),
	(1077, 'ACO', '110202', 13, 105, '2025-10-28 18:15:54', '2025-10-28 18:15:54', NULL),
	(1078, 'ANDAMARCA', '110203', 13, 105, '2025-10-28 18:15:54', '2025-10-28 18:15:54', NULL),
	(1079, 'CHAMBARA', '110206', 13, 105, '2025-10-28 18:15:55', '2025-10-28 18:15:55', NULL),
	(1080, 'COCHAS', '110205', 13, 105, '2025-10-28 18:15:55', '2025-10-28 18:15:55', NULL),
	(1081, 'COMAS', '110204', 13, 105, '2025-10-28 18:15:56', '2025-10-28 18:15:56', NULL),
	(1082, 'HEROINAS TOLEDO', '110207', 13, 105, '2025-10-28 18:15:56', '2025-10-28 18:15:56', NULL),
	(1083, 'MANZANARES', '110208', 13, 105, '2025-10-28 18:15:56', '2025-10-28 18:15:56', NULL),
	(1084, 'MARISCAL CASTILLA', '110209', 13, 105, '2025-10-28 18:15:57', '2025-10-28 18:15:57', NULL),
	(1085, 'MATAHUASI', '110210', 13, 105, '2025-10-28 18:15:58', '2025-10-28 18:15:58', NULL),
	(1086, 'MITO', '110211', 13, 105, '2025-10-28 18:15:58', '2025-10-28 18:15:58', NULL),
	(1087, 'NUEVE DE JULIO', '110212', 13, 105, '2025-10-28 18:15:59', '2025-10-28 18:15:59', NULL),
	(1088, 'ORCOTUNA', '110213', 13, 105, '2025-10-28 18:15:59', '2025-10-28 18:15:59', NULL),
	(1089, 'SAN JOSE DE QUERO', '110215', 13, 105, '2025-10-28 18:15:59', '2025-10-28 18:15:59', NULL),
	(1090, 'SANTA ROSA DE OCOPA', '110214', 13, 105, '2025-10-28 18:16:00', '2025-10-28 18:16:00', NULL),
	(1091, 'CHANCHAMAYO', '110801', 13, 106, '2025-10-28 18:16:01', '2025-10-28 18:16:01', NULL),
	(1092, 'PERENE', '110806', 13, 106, '2025-10-28 18:16:01', '2025-10-28 18:16:01', NULL),
	(1093, 'PICHANAQUI', '110805', 13, 106, '2025-10-28 18:16:02', '2025-10-28 18:16:02', NULL),
	(1094, 'SAN LUIS DE SHUARO', '110804', 13, 106, '2025-10-28 18:16:02', '2025-10-28 18:16:02', NULL),
	(1095, 'SAN RAMON', '110802', 13, 106, '2025-10-28 18:16:03', '2025-10-28 18:16:03', NULL),
	(1096, 'VITOC', '110803', 13, 106, '2025-10-28 18:16:03', '2025-10-28 18:16:03', NULL),
	(1097, 'JAUJA', '110301', 13, 107, '2025-10-28 18:16:04', '2025-10-28 18:16:04', NULL),
	(1098, 'ACOLLA', '110302', 13, 107, '2025-10-28 18:16:05', '2025-10-28 18:16:05', NULL),
	(1099, 'APATA', '110303', 13, 107, '2025-10-28 18:16:05', '2025-10-28 18:16:05', NULL),
	(1100, 'ATAURA', '110304', 13, 107, '2025-10-28 18:16:05', '2025-10-28 18:16:05', NULL),
	(1101, 'CANCHAYLLO', '110305', 13, 107, '2025-10-28 18:16:06', '2025-10-28 18:16:06', NULL),
	(1102, 'CURICACA', '110331', 13, 107, '2025-10-28 18:16:06', '2025-10-28 18:16:06', NULL),
	(1103, 'EL MANTARO', '110306', 13, 107, '2025-10-28 18:16:07', '2025-10-28 18:16:07', NULL),
	(1104, 'HUAMALI', '110307', 13, 107, '2025-10-28 18:16:07', '2025-10-28 18:16:07', NULL),
	(1105, 'HUARIPAMPA', '110308', 13, 107, '2025-10-28 18:16:08', '2025-10-28 18:16:08', NULL),
	(1106, 'HUERTAS', '110309', 13, 107, '2025-10-28 18:16:08', '2025-10-28 18:16:08', NULL),
	(1107, 'JANJAILLO', '110310', 13, 107, '2025-10-28 18:16:08', '2025-10-28 18:16:08', NULL),
	(1108, 'JULCAN', '110311', 13, 107, '2025-10-28 18:16:09', '2025-10-28 18:16:09', NULL),
	(1109, 'LEONOR ORDOÑEZ', '110312', 13, 107, '2025-10-28 18:16:09', '2025-10-28 18:16:09', NULL),
	(1110, 'LLOCLLAPAMPA', '110313', 13, 107, '2025-10-28 18:16:10', '2025-10-28 18:16:10', NULL),
	(1111, 'MARCO', '110314', 13, 107, '2025-10-28 18:16:10', '2025-10-28 18:16:10', NULL),
	(1112, 'MASMA', '110315', 13, 107, '2025-10-28 18:16:10', '2025-10-28 18:16:10', NULL),
	(1113, 'MASMA CHICCHE', '110332', 13, 107, '2025-10-28 18:16:11', '2025-10-28 18:16:11', NULL),
	(1114, 'MOLINOS', '110316', 13, 107, '2025-10-28 18:16:11', '2025-10-28 18:16:11', NULL),
	(1115, 'MONOBAMBA', '110317', 13, 107, '2025-10-28 18:16:12', '2025-10-28 18:16:12', NULL),
	(1116, 'MUQUI', '110318', 13, 107, '2025-10-28 18:16:12', '2025-10-28 18:16:12', NULL),
	(1117, 'MUQUIYAUYO', '110319', 13, 107, '2025-10-28 18:16:13', '2025-10-28 18:16:13', NULL),
	(1118, 'PACA', '110320', 13, 107, '2025-10-28 18:16:13', '2025-10-28 18:16:13', NULL),
	(1119, 'PACCHA', '110321', 13, 107, '2025-10-28 18:16:13', '2025-10-28 18:16:13', NULL),
	(1120, 'PANCAN', '110322', 13, 107, '2025-10-28 18:16:14', '2025-10-28 18:16:14', NULL),
	(1121, 'PARCO', '110323', 13, 107, '2025-10-28 18:16:14', '2025-10-28 18:16:14', NULL),
	(1122, 'POMACANCHA', '110324', 13, 107, '2025-10-28 18:16:15', '2025-10-28 18:16:15', NULL),
	(1123, 'RICRAN', '110325', 13, 107, '2025-10-28 18:16:15', '2025-10-28 18:16:15', NULL),
	(1124, 'SAN LORENZO', '110326', 13, 107, '2025-10-28 18:16:16', '2025-10-28 18:16:16', NULL),
	(1125, 'SAN PEDRO DE CHUNAN', '110327', 13, 107, '2025-10-28 18:16:16', '2025-10-28 18:16:16', NULL),
	(1126, 'SAUSA', '110333', 13, 107, '2025-10-28 18:16:16', '2025-10-28 18:16:16', NULL),
	(1127, 'SINCOS', '110328', 13, 107, '2025-10-28 18:16:17', '2025-10-28 18:16:17', NULL),
	(1128, 'TUNAN MARCA', '110329', 13, 107, '2025-10-28 18:16:17', '2025-10-28 18:16:17', NULL),
	(1129, 'YAULI', '110330', 13, 107, '2025-10-28 18:16:18', '2025-10-28 18:16:18', NULL),
	(1130, 'YAUYOS', '110334', 13, 107, '2025-10-28 18:16:18', '2025-10-28 18:16:18', NULL),
	(1131, 'JUNIN', '110401', 13, 108, '2025-10-28 18:16:19', '2025-10-28 18:16:19', NULL),
	(1132, 'CARHUAMAYO', '110402', 13, 108, '2025-10-28 18:16:20', '2025-10-28 18:16:20', NULL),
	(1133, 'ONDORES', '110403', 13, 108, '2025-10-28 18:16:20', '2025-10-28 18:16:20', NULL),
	(1134, 'ULCUMAYO', '110404', 13, 108, '2025-10-28 18:16:21', '2025-10-28 18:16:21', NULL),
	(1135, 'SATIPO', '110701', 13, 109, '2025-10-28 18:16:22', '2025-10-28 18:16:22', NULL),
	(1136, 'COVIRIALI', '110702', 13, 109, '2025-10-28 18:16:22', '2025-10-28 18:16:22', NULL),
	(1137, 'LLAYLLA', '110703', 13, 109, '2025-10-28 18:16:23', '2025-10-28 18:16:23', NULL),
	(1138, 'MAZAMARI', '110704', 13, 109, '2025-10-28 18:16:23', '2025-10-28 18:16:23', NULL),
	(1139, 'PAMPA HERMOSA', '110705', 13, 109, '2025-10-28 18:16:24', '2025-10-28 18:16:24', NULL),
	(1140, 'PANGOA', '110706', 13, 109, '2025-10-28 18:16:24', '2025-10-28 18:16:24', NULL),
	(1141, 'RIO NEGRO', '110707', 13, 109, '2025-10-28 18:16:25', '2025-10-28 18:16:25', NULL),
	(1142, 'RIO TAMBO', '110708', 13, 109, '2025-10-28 18:16:25', '2025-10-28 18:16:25', NULL),
	(1143, 'VIZCATAN DEL ENE', '110709', 13, 109, '2025-10-28 18:16:26', '2025-10-28 18:16:26', NULL),
	(1144, 'TARMA', '110501', 13, 110, '2025-10-28 18:16:27', '2025-10-28 18:16:27', NULL),
	(1145, 'ACOBAMBA', '110502', 13, 110, '2025-10-28 18:16:27', '2025-10-28 18:16:27', NULL),
	(1146, 'HUARICOLCA', '110503', 13, 110, '2025-10-28 18:16:27', '2025-10-28 18:16:27', NULL),
	(1147, 'HUASAHUASI', '110504', 13, 110, '2025-10-28 18:16:28', '2025-10-28 18:16:28', NULL),
	(1148, 'LA UNION', '110505', 13, 110, '2025-10-28 18:16:28', '2025-10-28 18:16:28', NULL),
	(1149, 'PALCA', '110506', 13, 110, '2025-10-28 18:16:29', '2025-10-28 18:16:29', NULL),
	(1150, 'PALCAMAYO', '110507', 13, 110, '2025-10-28 18:16:30', '2025-10-28 18:16:30', NULL),
	(1151, 'SAN PEDRO DE CAJAS', '110508', 13, 110, '2025-10-28 18:16:30', '2025-10-28 18:16:30', NULL),
	(1152, 'TAPO', '110509', 13, 110, '2025-10-28 18:16:30', '2025-10-28 18:16:30', NULL),
	(1153, 'LA OROYA', '110601', 13, 111, '2025-10-28 18:16:31', '2025-10-28 18:16:31', NULL),
	(1154, 'CHACAPALPA', '110602', 13, 111, '2025-10-28 18:16:32', '2025-10-28 18:16:32', NULL),
	(1155, 'HUAY-HUAY', '110603', 13, 111, '2025-10-28 18:16:32', '2025-10-28 18:16:32', NULL),
	(1156, 'MARCAPOMACOCHA', '110604', 13, 111, '2025-10-28 18:16:33', '2025-10-28 18:16:33', NULL),
	(1157, 'MOROCOCHA', '110605', 13, 111, '2025-10-28 18:16:33', '2025-10-28 18:16:33', NULL),
	(1158, 'PACCHA', '110606', 13, 111, '2025-10-28 18:16:33', '2025-10-28 18:16:33', NULL),
	(1159, 'SANTA BARBARA DE CAR', '110607', 13, 111, '2025-10-28 18:16:34', '2025-10-28 18:16:34', NULL),
	(1160, 'SANTA ROSA DE SACCO', '110610', 13, 111, '2025-10-28 18:16:34', '2025-10-28 18:16:34', NULL),
	(1161, 'SUITUCANCHA', '110608', 13, 111, '2025-10-28 18:16:35', '2025-10-28 18:16:35', NULL),
	(1162, 'YAULI', '110609', 13, 111, '2025-10-28 18:16:35', '2025-10-28 18:16:35', NULL),
	(1163, 'CHUPACA', '110901', 13, 112, '2025-10-28 18:16:36', '2025-10-28 18:16:36', NULL),
	(1164, 'AHUAC', '110902', 13, 112, '2025-10-28 18:16:36', '2025-10-28 18:16:36', NULL),
	(1165, 'CHONGOS BAJO', '110903', 13, 112, '2025-10-28 18:16:37', '2025-10-28 18:16:37', NULL),
	(1166, 'HUACHAC', '110904', 13, 112, '2025-10-28 18:16:37', '2025-10-28 18:16:37', NULL),
	(1167, 'HUAMANCACA CHICO', '110905', 13, 112, '2025-10-28 18:16:38', '2025-10-28 18:16:38', NULL),
	(1168, 'SAN JUAN DE YSCOS', '110906', 13, 112, '2025-10-28 18:16:38', '2025-10-28 18:16:38', NULL),
	(1169, 'SAN JUAN DE JARPA', '110907', 13, 112, '2025-10-28 18:16:39', '2025-10-28 18:16:39', NULL),
	(1170, 'TRES DE DICIEMBRE', '110908', 13, 112, '2025-10-28 18:16:39', '2025-10-28 18:16:39', NULL),
	(1171, 'YANACANCHA', '110909', 13, 112, '2025-10-28 18:16:39', '2025-10-28 18:16:39', NULL),
	(1172, 'TRUJILLO', '120101', 14, 113, '2025-10-28 18:16:41', '2025-10-28 18:16:41', NULL),
	(1173, 'EL PORVENIR', '120110', 14, 113, '2025-10-28 18:16:41', '2025-10-28 18:16:41', NULL),
	(1174, 'FLORENCIA DE MORA', '120112', 14, 113, '2025-10-28 18:16:42', '2025-10-28 18:16:42', NULL),
	(1175, 'HUANCHACO', '120102', 14, 113, '2025-10-28 18:16:42', '2025-10-28 18:16:42', NULL),
	(1176, 'LA ESPERANZA', '120111', 14, 113, '2025-10-28 18:16:42', '2025-10-28 18:16:42', NULL),
	(1177, 'LAREDO', '120103', 14, 113, '2025-10-28 18:16:43', '2025-10-28 18:16:43', NULL),
	(1178, 'MOCHE', '120104', 14, 113, '2025-10-28 18:16:43', '2025-10-28 18:16:43', NULL),
	(1179, 'POROTO', '120109', 14, 113, '2025-10-28 18:16:44', '2025-10-28 18:16:44', NULL),
	(1180, 'SALAVERRY', '120105', 14, 113, '2025-10-28 18:16:44', '2025-10-28 18:16:44', NULL),
	(1181, 'SIMBAL', '120106', 14, 113, '2025-10-28 18:16:45', '2025-10-28 18:16:45', NULL),
	(1182, 'VICTOR LARCO HERRERA', '120107', 14, 113, '2025-10-28 18:16:45', '2025-10-28 18:16:45', NULL),
	(1183, 'ASCOPE', '120801', 14, 114, '2025-10-28 18:16:46', '2025-10-28 18:16:46', NULL),
	(1184, 'CHICAMA', '120802', 14, 114, '2025-10-28 18:16:47', '2025-10-28 18:16:47', NULL),
	(1185, 'CHOCOPE', '120803', 14, 114, '2025-10-28 18:16:47', '2025-10-28 18:16:47', NULL),
	(1186, 'MAGDALENA DE CAO', '120805', 14, 114, '2025-10-28 18:16:48', '2025-10-28 18:16:48', NULL),
	(1187, 'PAIJAN', '120806', 14, 114, '2025-10-28 18:16:48', '2025-10-28 18:16:48', NULL),
	(1188, 'RAZURI', '120807', 14, 114, '2025-10-28 18:16:49', '2025-10-28 18:16:49', NULL),
	(1189, 'SANTIAGO DE CAO', '120804', 14, 114, '2025-10-28 18:16:49', '2025-10-28 18:16:49', NULL),
	(1190, 'CASA GRANDE', '120808', 14, 114, '2025-10-28 18:16:50', '2025-10-28 18:16:50', NULL),
	(1191, 'BOLIVAR', '120201', 14, 115, '2025-10-28 18:16:51', '2025-10-28 18:16:51', NULL),
	(1192, 'BAMBAMARCA', '120202', 14, 115, '2025-10-28 18:16:51', '2025-10-28 18:16:51', NULL),
	(1193, 'CONDORMARCA', '120203', 14, 115, '2025-10-28 18:16:52', '2025-10-28 18:16:52', NULL),
	(1194, 'LONGOTEA', '120204', 14, 115, '2025-10-28 18:16:52', '2025-10-28 18:16:52', NULL),
	(1195, 'UCHUMARCA', '120206', 14, 115, '2025-10-28 18:16:53', '2025-10-28 18:16:53', NULL),
	(1196, 'UCUNCHA', '120205', 14, 115, '2025-10-28 18:16:53', '2025-10-28 18:16:53', NULL),
	(1197, 'CHEPEN', '120901', 14, 116, '2025-10-28 18:16:54', '2025-10-28 18:16:54', NULL),
	(1198, 'PACANGA', '120902', 14, 116, '2025-10-28 18:16:54', '2025-10-28 18:16:54', NULL),
	(1199, 'PUEBLO NUEVO', '120903', 14, 116, '2025-10-28 18:16:55', '2025-10-28 18:16:55', NULL),
	(1200, 'JULCAN', '121001', 14, 117, '2025-10-28 18:16:55', '2025-10-28 18:16:55', NULL),
	(1201, 'CALAMARCA', '121003', 14, 117, '2025-10-28 18:16:56', '2025-10-28 18:16:56', NULL),
	(1202, 'CARABAMBA', '121002', 14, 117, '2025-10-28 18:16:56', '2025-10-28 18:16:56', NULL),
	(1203, 'HUASO', '121004', 14, 117, '2025-10-28 18:16:57', '2025-10-28 18:16:57', NULL),
	(1204, 'OTUZCO', '120401', 14, 118, '2025-10-28 18:16:58', '2025-10-28 18:16:58', NULL),
	(1205, 'AGALLPAMPA', '120402', 14, 118, '2025-10-28 18:16:58', '2025-10-28 18:16:58', NULL),
	(1206, 'CHARAT', '120403', 14, 118, '2025-10-28 18:16:59', '2025-10-28 18:16:59', NULL),
	(1207, 'HUARANCHAL', '120404', 14, 118, '2025-10-28 18:16:59', '2025-10-28 18:16:59', NULL),
	(1208, 'LA CUESTA', '120405', 14, 118, '2025-10-28 18:16:59', '2025-10-28 18:16:59', NULL),
	(1209, 'MACHE', '120413', 14, 118, '2025-10-28 18:17:00', '2025-10-28 18:17:00', NULL),
	(1210, 'PARANDAY', '120408', 14, 118, '2025-10-28 18:17:00', '2025-10-28 18:17:00', NULL),
	(1211, 'SALPO', '120409', 14, 118, '2025-10-28 18:17:01', '2025-10-28 18:17:01', NULL),
	(1212, 'SINSICAP', '120410', 14, 118, '2025-10-28 18:17:01', '2025-10-28 18:17:01', NULL),
	(1213, 'USQUIL', '120411', 14, 118, '2025-10-28 18:17:02', '2025-10-28 18:17:02', NULL),
	(1214, 'SAN PEDRO DE LLOC', '120501', 14, 119, '2025-10-28 18:17:03', '2025-10-28 18:17:03', NULL),
	(1215, 'GUADALUPE', '120503', 14, 119, '2025-10-28 18:17:03', '2025-10-28 18:17:03', NULL),
	(1216, 'JEQUETEPEQUE', '120504', 14, 119, '2025-10-28 18:17:03', '2025-10-28 18:17:03', NULL),
	(1217, 'PACASMAYO', '120506', 14, 119, '2025-10-28 18:17:04', '2025-10-28 18:17:04', NULL),
	(1218, 'SAN JOSE', '120508', 14, 119, '2025-10-28 18:17:04', '2025-10-28 18:17:04', NULL),
	(1219, 'TAYABAMBA', '120601', 14, 120, '2025-10-28 18:17:05', '2025-10-28 18:17:05', NULL),
	(1220, 'BULDIBUYO', '120602', 14, 120, '2025-10-28 18:17:05', '2025-10-28 18:17:05', NULL),
	(1221, 'CHILLIA', '120603', 14, 120, '2025-10-28 18:17:06', '2025-10-28 18:17:06', NULL),
	(1222, 'HUANCASPATA', '120605', 14, 120, '2025-10-28 18:17:06', '2025-10-28 18:17:06', NULL),
	(1223, 'HUAYLILLAS', '120604', 14, 120, '2025-10-28 18:17:07', '2025-10-28 18:17:07', NULL),
	(1224, 'HUAYO', '120606', 14, 120, '2025-10-28 18:17:08', '2025-10-28 18:17:08', NULL),
	(1225, 'ONGON', '120607', 14, 120, '2025-10-28 18:17:08', '2025-10-28 18:17:08', NULL),
	(1226, 'PARCOY', '120608', 14, 120, '2025-10-28 18:17:09', '2025-10-28 18:17:09', NULL),
	(1227, 'PATAZ', '120609', 14, 120, '2025-10-28 18:17:09', '2025-10-28 18:17:09', NULL),
	(1228, 'PIAS', '120610', 14, 120, '2025-10-28 18:17:10', '2025-10-28 18:17:10', NULL),
	(1229, 'SANTIAGO DE CHALLAS', '120613', 14, 120, '2025-10-28 18:17:10', '2025-10-28 18:17:10', NULL),
	(1230, 'TAURIJA', '120611', 14, 120, '2025-10-28 18:17:11', '2025-10-28 18:17:11', NULL),
	(1231, 'URPAY', '120612', 14, 120, '2025-10-28 18:17:12', '2025-10-28 18:17:12', NULL),
	(1232, 'HUAMACHUCO', '120301', 14, 121, '2025-10-28 18:17:13', '2025-10-28 18:17:13', NULL),
	(1233, 'CHUGAY', '120304', 14, 121, '2025-10-28 18:17:13', '2025-10-28 18:17:13', NULL),
	(1234, 'COCHORCO', '120302', 14, 121, '2025-10-28 18:17:14', '2025-10-28 18:17:14', NULL),
	(1235, 'CURGOS', '120303', 14, 121, '2025-10-28 18:17:14', '2025-10-28 18:17:14', NULL),
	(1236, 'MARCABAL', '120305', 14, 121, '2025-10-28 18:17:14', '2025-10-28 18:17:14', NULL),
	(1237, 'SANAGORAN', '120306', 14, 121, '2025-10-28 18:17:15', '2025-10-28 18:17:15', NULL),
	(1238, 'SARIN', '120307', 14, 121, '2025-10-28 18:17:15', '2025-10-28 18:17:15', NULL),
	(1239, 'SARTIMBAMBA', '120308', 14, 121, '2025-10-28 18:17:16', '2025-10-28 18:17:16', NULL),
	(1240, 'SANTIAGO DE CHUCO', '120701', 14, 122, '2025-10-28 18:17:17', '2025-10-28 18:17:17', NULL),
	(1241, 'ANGASMARCA', '120708', 14, 122, '2025-10-28 18:17:17', '2025-10-28 18:17:17', NULL),
	(1242, 'CACHICADAN', '120702', 14, 122, '2025-10-28 18:17:17', '2025-10-28 18:17:17', NULL),
	(1243, 'MOLLEBAMBA', '120703', 14, 122, '2025-10-28 18:17:18', '2025-10-28 18:17:18', NULL),
	(1244, 'MOLLEPATA', '120704', 14, 122, '2025-10-28 18:17:18', '2025-10-28 18:17:18', NULL),
	(1245, 'QUIRUVILCA', '120705', 14, 122, '2025-10-28 18:17:19', '2025-10-28 18:17:19', NULL),
	(1246, 'SANTA CRUZ DE CHUCA', '120706', 14, 122, '2025-10-28 18:17:19', '2025-10-28 18:17:19', NULL),
	(1247, 'SITABAMBA', '120707', 14, 122, '2025-10-28 18:17:20', '2025-10-28 18:17:20', NULL),
	(1248, 'CASCAS', '121101', 14, 123, '2025-10-28 18:17:20', '2025-10-28 18:17:20', NULL),
	(1249, 'LUCMA', '121102', 14, 123, '2025-10-28 18:17:21', '2025-10-28 18:17:21', NULL),
	(1250, 'MARMOT', '121103', 14, 123, '2025-10-28 18:17:21', '2025-10-28 18:17:21', NULL),
	(1251, 'SAYAPULLO', '121104', 14, 123, '2025-10-28 18:17:22', '2025-10-28 18:17:22', NULL),
	(1252, 'VIRU', '121201', 14, 124, '2025-10-28 18:17:22', '2025-10-28 18:17:22', NULL),
	(1253, 'CHAO', '121202', 14, 124, '2025-10-28 18:17:23', '2025-10-28 18:17:23', NULL),
	(1254, 'GUADALUPITO', '121203', 14, 124, '2025-10-28 18:17:23', '2025-10-28 18:17:23', NULL),
	(1255, 'CHICLAYO', '130101', 15, 125, '2025-10-28 18:17:25', '2025-10-28 18:17:25', NULL),
	(1256, 'CHONGOYAPE', '130102', 15, 125, '2025-10-28 18:17:25', '2025-10-28 18:17:25', NULL),
	(1257, 'ETEN', '130103', 15, 125, '2025-10-28 18:17:26', '2025-10-28 18:17:26', NULL),
	(1258, 'ETEN PUERTO', '130104', 15, 125, '2025-10-28 18:17:26', '2025-10-28 18:17:26', NULL),
	(1259, 'JOSE LEONARDO ORTIZ', '130112', 15, 125, '2025-10-28 18:17:26', '2025-10-28 18:17:26', NULL),
	(1260, 'LA VICTORIA', '130115', 15, 125, '2025-10-28 18:17:27', '2025-10-28 18:17:27', NULL),
	(1261, 'LAGUNAS', '130105', 15, 125, '2025-10-28 18:17:27', '2025-10-28 18:17:27', NULL),
	(1262, 'MONSEFU', '130106', 15, 125, '2025-10-28 18:17:28', '2025-10-28 18:17:28', NULL),
	(1263, 'NUEVA ARICA', '130107', 15, 125, '2025-10-28 18:17:28', '2025-10-28 18:17:28', NULL),
	(1264, 'OYOTUN', '130108', 15, 125, '2025-10-28 18:17:28', '2025-10-28 18:17:28', NULL),
	(1265, 'PICSI', '130109', 15, 125, '2025-10-28 18:17:29', '2025-10-28 18:17:29', NULL),
	(1266, 'PIMENTEL', '130110', 15, 125, '2025-10-28 18:17:29', '2025-10-28 18:17:29', NULL),
	(1267, 'REQUE', '130111', 15, 125, '2025-10-28 18:17:30', '2025-10-28 18:17:30', NULL),
	(1268, 'SANTA ROSA', '130113', 15, 125, '2025-10-28 18:17:30', '2025-10-28 18:17:30', NULL),
	(1269, 'SAÑA', '130114', 15, 125, '2025-10-28 18:17:31', '2025-10-28 18:17:31', NULL),
	(1270, 'CAYALTI', '130116', 15, 125, '2025-10-28 18:17:31', '2025-10-28 18:17:31', NULL),
	(1271, 'PATAPO', '130117', 15, 125, '2025-10-28 18:17:32', '2025-10-28 18:17:32', NULL),
	(1272, 'POMALCA', '130118', 15, 125, '2025-10-28 18:17:33', '2025-10-28 18:17:33', NULL),
	(1273, 'PUCALA', '130119', 15, 125, '2025-10-28 18:17:33', '2025-10-28 18:17:33', NULL),
	(1274, 'TUMAN', '130120', 15, 125, '2025-10-28 18:17:34', '2025-10-28 18:17:34', NULL),
	(1275, 'FERREÑAFE', '130201', 15, 126, '2025-10-28 18:17:34', '2025-10-28 18:17:34', NULL),
	(1276, 'CAÑARIS', '130203', 15, 126, '2025-10-28 18:17:35', '2025-10-28 18:17:35', NULL),
	(1277, 'INCAHUASI', '130202', 15, 126, '2025-10-28 18:17:35', '2025-10-28 18:17:35', NULL),
	(1278, 'MANUEL ANTONIO MESON', '130206', 15, 126, '2025-10-28 18:17:36', '2025-10-28 18:17:36', NULL),
	(1279, 'PITIPO', '130204', 15, 126, '2025-10-28 18:17:37', '2025-10-28 18:17:37', NULL),
	(1280, 'PUEBLO NUEVO', '130205', 15, 126, '2025-10-28 18:17:37', '2025-10-28 18:17:37', NULL),
	(1281, 'LAMBAYEQUE', '130301', 15, 127, '2025-10-28 18:17:38', '2025-10-28 18:17:38', NULL),
	(1282, 'CHOCHOPE', '130302', 15, 127, '2025-10-28 18:17:38', '2025-10-28 18:17:38', NULL),
	(1283, 'ILLIMO', '130303', 15, 127, '2025-10-28 18:17:39', '2025-10-28 18:17:39', NULL),
	(1284, 'JAYANCA', '130304', 15, 127, '2025-10-28 18:17:39', '2025-10-28 18:17:39', NULL),
	(1285, 'MOCHUMI', '130305', 15, 127, '2025-10-28 18:17:40', '2025-10-28 18:17:40', NULL),
	(1286, 'MORROPE', '130306', 15, 127, '2025-10-28 18:17:40', '2025-10-28 18:17:40', NULL),
	(1287, 'MOTUPE', '130307', 15, 127, '2025-10-28 18:17:41', '2025-10-28 18:17:41', NULL),
	(1288, 'OLMOS', '130308', 15, 127, '2025-10-28 18:17:41', '2025-10-28 18:17:41', NULL),
	(1289, 'PACORA', '130309', 15, 127, '2025-10-28 18:17:42', '2025-10-28 18:17:42', NULL),
	(1290, 'SALAS', '130310', 15, 127, '2025-10-28 18:17:42', '2025-10-28 18:17:42', NULL),
	(1291, 'SAN JOSE', '130311', 15, 127, '2025-10-28 18:17:43', '2025-10-28 18:17:43', NULL),
	(1292, 'TUCUME', '130312', 15, 127, '2025-10-28 18:17:43', '2025-10-28 18:17:43', NULL),
	(1293, 'LIMA', '140101', 16, 128, '2025-10-28 18:17:44', '2025-10-28 18:17:44', NULL),
	(1294, 'ANCON', '140102', 16, 128, '2025-10-28 18:17:45', '2025-10-28 18:17:45', NULL),
	(1295, 'ATE', '140103', 16, 128, '2025-10-28 18:17:45', '2025-10-28 18:17:45', NULL),
	(1296, 'BARRANCO', '140125', 16, 128, '2025-10-28 18:17:46', '2025-10-28 18:17:46', NULL),
	(1297, 'BREÑA', '140104', 16, 128, '2025-10-28 18:17:46', '2025-10-28 18:17:46', NULL),
	(1298, 'CARABAYLLO', '140105', 16, 128, '2025-10-28 18:17:46', '2025-10-28 18:17:46', NULL),
	(1299, 'CHACLACAYO', '140107', 16, 128, '2025-10-28 18:17:47', '2025-10-28 18:17:47', NULL),
	(1300, 'CHORRILLOS', '140108', 16, 128, '2025-10-28 18:17:47', '2025-10-28 18:17:47', NULL),
	(1301, 'CIENEGUILLA', '140139', 16, 128, '2025-10-28 18:17:48', '2025-10-28 18:17:48', NULL),
	(1302, 'COMAS', '140106', 16, 128, '2025-10-28 18:17:48', '2025-10-28 18:17:48', NULL),
	(1303, 'EL AGUSTINO', '140135', 16, 128, '2025-10-28 18:17:48', '2025-10-28 18:17:48', NULL),
	(1304, 'INDEPENDENCIA', '140134', 16, 128, '2025-10-28 18:17:49', '2025-10-28 18:17:49', NULL),
	(1305, 'JESUS MARIA', '140133', 16, 128, '2025-10-28 18:17:49', '2025-10-28 18:17:49', NULL),
	(1306, 'LA MOLINA', '140110', 16, 128, '2025-10-28 18:17:50', '2025-10-28 18:17:50', NULL),
	(1307, 'LA VICTORIA', '140109', 16, 128, '2025-10-28 18:17:50', '2025-10-28 18:17:50', NULL),
	(1309, 'LOS OLIVOS', '140142', 16, 128, '2025-10-28 18:17:51', '2025-10-28 18:17:51', NULL),
	(1310, 'LURIGANCHO', '140112', 16, 128, '2025-10-28 18:17:52', '2025-10-28 18:17:52', NULL),
	(1311, 'LURIN', '140113', 16, 128, '2025-10-28 18:17:52', '2025-10-28 18:17:52', NULL),
	(1312, 'MAGDALENA DEL MAR', '140114', 16, 128, '2025-10-28 18:17:53', '2025-10-28 18:17:53', NULL),
	(1313, 'PUEBLO LIBRE', '140117', 16, 128, '2025-10-28 18:17:53', '2025-10-28 18:17:53', NULL),
	(1314, 'MIRAFLORES', '140115', 16, 128, '2025-10-28 18:17:53', '2025-10-28 18:17:53', NULL),
	(1315, 'PACHACAMAC', '140116', 16, 128, '2025-10-28 18:17:54', '2025-10-28 18:17:54', NULL),
	(1316, 'PUCUSANA', '140118', 16, 128, '2025-10-28 18:17:54', '2025-10-28 18:17:54', NULL),
	(1317, 'PUENTE PIEDRA', '140119', 16, 128, '2025-10-28 18:17:55', '2025-10-28 18:17:55', NULL),
	(1318, 'PUNTA HERMOSA', '140120', 16, 128, '2025-10-28 18:17:55', '2025-10-28 18:17:55', NULL),
	(1319, 'PUNTA NEGRA', '140121', 16, 128, '2025-10-28 18:17:56', '2025-10-28 18:17:56', NULL),
	(1320, 'RIMAC', '140122', 16, 128, '2025-10-28 18:17:56', '2025-10-28 18:17:56', NULL),
	(1321, 'SAN BARTOLO', '140123', 16, 128, '2025-10-28 18:17:56', '2025-10-28 18:17:56', NULL),
	(1322, 'SAN BORJA', '140140', 16, 128, '2025-10-28 18:17:57', '2025-10-28 18:17:57', NULL),
	(1323, 'SAN ISIDRO', '140124', 16, 128, '2025-10-28 18:17:57', '2025-10-28 18:17:57', NULL),
	(1324, 'SAN JUAN DE LURIGANC', '140137', 16, 128, '2025-10-28 18:17:58', '2025-10-28 18:17:58', NULL),
	(1325, 'SAN JUAN DE MIRAFLOR', '140136', 16, 128, '2025-10-28 18:17:58', '2025-10-28 18:17:58', NULL),
	(1326, 'SAN LUIS', '140138', 16, 128, '2025-10-28 18:17:59', '2025-10-28 18:17:59', NULL),
	(1327, 'SAN MARTIN DE PORRES', '140126', 16, 128, '2025-10-28 18:17:59', '2025-10-28 18:17:59', NULL),
	(1328, 'SAN MIGUEL', '140127', 16, 128, '2025-10-28 18:18:00', '2025-10-28 18:18:00', NULL),
	(1329, 'SANTA ANITA', '140143', 16, 128, '2025-10-28 18:18:00', '2025-10-28 18:18:00', NULL),
	(1330, 'SANTA MARIA DEL MAR', '140128', 16, 128, '2025-10-28 18:18:01', '2025-10-28 18:18:01', NULL),
	(1331, 'SANTA ROSA', '140129', 16, 128, '2025-10-28 18:18:01', '2025-10-28 18:18:01', NULL),
	(1332, 'SANTIAGO DE SURCO', '140130', 16, 128, '2025-10-28 18:18:02', '2025-10-28 18:18:02', NULL),
	(1333, 'SURQUILLO', '140131', 16, 128, '2025-10-28 18:18:02', '2025-10-28 18:18:02', NULL),
	(1334, 'VILLA EL SALVADOR', '140141', 16, 128, '2025-10-28 18:18:03', '2025-10-28 18:18:03', NULL),
	(1335, 'VILLA MARIA DEL TRIU', '140132', 16, 128, '2025-10-28 18:18:03', '2025-10-28 18:18:03', NULL),
	(1336, 'BARRANCA', '140901', 16, 129, '2025-10-28 18:18:04', '2025-10-28 18:18:04', NULL),
	(1337, 'PARAMONGA', '140902', 16, 129, '2025-10-28 18:18:04', '2025-10-28 18:18:04', NULL),
	(1338, 'PATIVILCA', '140903', 16, 129, '2025-10-28 18:18:05', '2025-10-28 18:18:05', NULL),
	(1339, 'SUPE', '140904', 16, 129, '2025-10-28 18:18:05', '2025-10-28 18:18:05', NULL),
	(1340, 'SUPE PUERTO', '140905', 16, 129, '2025-10-28 18:18:06', '2025-10-28 18:18:06', NULL),
	(1341, 'CAJATAMBO', '140201', 16, 130, '2025-10-28 18:18:07', '2025-10-28 18:18:07', NULL),
	(1342, 'COPA', '140205', 16, 130, '2025-10-28 18:18:07', '2025-10-28 18:18:07', NULL),
	(1343, 'GORGOR', '140206', 16, 130, '2025-10-28 18:18:08', '2025-10-28 18:18:08', NULL),
	(1344, 'HUANCAPON', '140207', 16, 130, '2025-10-28 18:18:08', '2025-10-28 18:18:08', NULL),
	(1345, 'MANAS', '140208', 16, 130, '2025-10-28 18:18:08', '2025-10-28 18:18:08', NULL),
	(1346, 'CANTA', '140301', 16, 131, '2025-10-28 18:18:09', '2025-10-28 18:18:09', NULL),
	(1347, 'ARAHUAY', '140302', 16, 131, '2025-10-28 18:18:10', '2025-10-28 18:18:10', NULL),
	(1348, 'HUAMANTANGA', '140303', 16, 131, '2025-10-28 18:18:10', '2025-10-28 18:18:10', NULL),
	(1349, 'HUAROS', '140304', 16, 131, '2025-10-28 18:18:10', '2025-10-28 18:18:10', NULL),
	(1350, 'LACHAQUI', '140305', 16, 131, '2025-10-28 18:18:11', '2025-10-28 18:18:11', NULL),
	(1351, 'SAN BUENAVENTURA', '140306', 16, 131, '2025-10-28 18:18:11', '2025-10-28 18:18:11', NULL),
	(1352, 'SANTA ROSA DE QUIVES', '140307', 16, 131, '2025-10-28 18:18:12', '2025-10-28 18:18:12', NULL),
	(1353, 'SAN VICENTE DE CAÑET', '140401', 16, 132, '2025-10-28 18:18:12', '2025-10-28 18:18:12', NULL),
	(1354, 'ASIA', '140416', 16, 132, '2025-10-28 18:18:13', '2025-10-28 18:18:13', NULL),
	(1355, 'CALANGO', '140402', 16, 132, '2025-10-28 18:18:13', '2025-10-28 18:18:13', NULL),
	(1356, 'CERRO AZUL', '140403', 16, 132, '2025-10-28 18:18:14', '2025-10-28 18:18:14', NULL),
	(1357, 'CHILCA', '140405', 16, 132, '2025-10-28 18:18:14', '2025-10-28 18:18:14', NULL),
	(1358, 'COAYLLO', '140404', 16, 132, '2025-10-28 18:18:15', '2025-10-28 18:18:15', NULL),
	(1359, 'IMPERIAL', '140406', 16, 132, '2025-10-28 18:18:15', '2025-10-28 18:18:15', NULL),
	(1360, 'LUNAHUANA', '140407', 16, 132, '2025-10-28 18:18:15', '2025-10-28 18:18:15', NULL),
	(1361, 'MALA', '140408', 16, 132, '2025-10-28 18:18:16', '2025-10-28 18:18:16', NULL),
	(1362, 'NUEVO IMPERIAL', '140409', 16, 132, '2025-10-28 18:18:16', '2025-10-28 18:18:16', NULL),
	(1363, 'PACARAN', '140410', 16, 132, '2025-10-28 18:18:17', '2025-10-28 18:18:17', NULL),
	(1364, 'QUILMANA', '140411', 16, 132, '2025-10-28 18:18:17', '2025-10-28 18:18:17', NULL),
	(1365, 'SAN ANTONIO', '140412', 16, 132, '2025-10-28 18:18:18', '2025-10-28 18:18:18', NULL),
	(1366, 'SAN LUIS', '140413', 16, 132, '2025-10-28 18:18:18', '2025-10-28 18:18:18', NULL),
	(1367, 'SANTA CRUZ DE FLORES', '140414', 16, 132, '2025-10-28 18:18:18', '2025-10-28 18:18:18', NULL),
	(1368, 'ZUÑIGA', '140415', 16, 132, '2025-10-28 18:18:19', '2025-10-28 18:18:19', NULL),
	(1369, 'HUARAL', '140801', 16, 133, '2025-10-28 18:18:20', '2025-10-28 18:18:20', NULL),
	(1370, 'ATAVILLOS ALTO', '140802', 16, 133, '2025-10-28 18:18:21', '2025-10-28 18:18:21', NULL),
	(1371, 'ATAVILLOS BAJO', '140803', 16, 133, '2025-10-28 18:18:21', '2025-10-28 18:18:21', NULL),
	(1372, 'AUCALLAMA', '140804', 16, 133, '2025-10-28 18:18:22', '2025-10-28 18:18:22', NULL),
	(1373, 'CHANCAY', '140805', 16, 133, '2025-10-28 18:18:22', '2025-10-28 18:18:22', NULL),
	(1374, 'IHUARI', '140806', 16, 133, '2025-10-28 18:18:23', '2025-10-28 18:18:23', NULL),
	(1375, 'LAMPIAN', '140807', 16, 133, '2025-10-28 18:18:23', '2025-10-28 18:18:23', NULL),
	(1376, 'PACARAOS', '140808', 16, 133, '2025-10-28 18:18:24', '2025-10-28 18:18:24', NULL),
	(1377, 'SAN MIGUEL DE ACOS', '140809', 16, 133, '2025-10-28 18:18:24', '2025-10-28 18:18:24', NULL),
	(1378, 'SANTA CRUZ DE ANDAMA', '140811', 16, 133, '2025-10-28 18:18:25', '2025-10-28 18:18:25', NULL),
	(1379, 'SUMBILCA', '140812', 16, 133, '2025-10-28 18:18:25', '2025-10-28 18:18:25', NULL),
	(1380, 'VEINTISIETE DE NOVIE', '140810', 16, 133, '2025-10-28 18:18:26', '2025-10-28 18:18:26', NULL),
	(1381, 'MATUCANA', '140601', 16, 134, '2025-10-28 18:18:27', '2025-10-28 18:18:27', NULL),
	(1382, 'ANTIOQUIA', '140602', 16, 134, '2025-10-28 18:18:27', '2025-10-28 18:18:27', NULL),
	(1383, 'CALLAHUANCA', '140603', 16, 134, '2025-10-28 18:18:27', '2025-10-28 18:18:27', NULL),
	(1384, 'CARAMPOMA', '140604', 16, 134, '2025-10-28 18:18:28', '2025-10-28 18:18:28', NULL),
	(1385, 'CHICLA', '140607', 16, 134, '2025-10-28 18:18:28', '2025-10-28 18:18:28', NULL),
	(1386, 'CUENCA', '140606', 16, 134, '2025-10-28 18:18:29', '2025-10-28 18:18:29', NULL),
	(1387, 'HUACHUPAMPA', '140630', 16, 134, '2025-10-28 18:18:29', '2025-10-28 18:18:29', NULL),
	(1388, 'HUANZA', '140608', 16, 134, '2025-10-28 18:18:30', '2025-10-28 18:18:30', NULL),
	(1389, 'HUAROCHIRI', '140609', 16, 134, '2025-10-28 18:18:30', '2025-10-28 18:18:30', NULL),
	(1390, 'LAHUAYTAMBO', '140610', 16, 134, '2025-10-28 18:18:30', '2025-10-28 18:18:30', NULL),
	(1391, 'LANGA', '140611', 16, 134, '2025-10-28 18:18:31', '2025-10-28 18:18:31', NULL),
	(1392, 'LARAOS', '140631', 16, 134, '2025-10-28 18:18:31', '2025-10-28 18:18:31', NULL),
	(1393, 'MARIATANA', '140612', 16, 134, '2025-10-28 18:18:32', '2025-10-28 18:18:32', NULL),
	(1394, 'RICARDO PALMA', '140613', 16, 134, '2025-10-28 18:18:32', '2025-10-28 18:18:32', NULL),
	(1395, 'SAN ANDRES DE TUPICO', '140614', 16, 134, '2025-10-28 18:18:33', '2025-10-28 18:18:33', NULL),
	(1396, 'SAN ANTONIO', '140615', 16, 134, '2025-10-28 18:18:33', '2025-10-28 18:18:33', NULL),
	(1397, 'SAN BARTOLOME', '140616', 16, 134, '2025-10-28 18:18:33', '2025-10-28 18:18:33', NULL),
	(1398, 'SAN DAMIAN', '140617', 16, 134, '2025-10-28 18:18:34', '2025-10-28 18:18:34', NULL),
	(1399, 'SAN JUAN DE IRIS', '140632', 16, 134, '2025-10-28 18:18:34', '2025-10-28 18:18:34', NULL),
	(1400, 'SAN JUAN DE TANTARAN', '140619', 16, 134, '2025-10-28 18:18:35', '2025-10-28 18:18:35', NULL),
	(1401, 'SAN LORENZO DE QUINT', '140620', 16, 134, '2025-10-28 18:18:35', '2025-10-28 18:18:35', NULL),
	(1402, 'SAN MATEO', '140621', 16, 134, '2025-10-28 18:18:36', '2025-10-28 18:18:36', NULL),
	(1403, 'SAN MATEO DE OTAO', '140622', 16, 134, '2025-10-28 18:18:36', '2025-10-28 18:18:36', NULL),
	(1404, 'SAN PEDRO DE CASTA', '140605', 16, 134, '2025-10-28 18:18:36', '2025-10-28 18:18:36', NULL),
	(1405, 'SAN PEDRO DE HUANCAY', '140623', 16, 134, '2025-10-28 18:18:37', '2025-10-28 18:18:37', NULL),
	(1406, 'SANGALLAYA', '140618', 16, 134, '2025-10-28 18:18:37', '2025-10-28 18:18:37', NULL),
	(1407, 'SANTA CRUZ DE COCACH', '140624', 16, 134, '2025-10-28 18:18:38', '2025-10-28 18:18:38', NULL),
	(1408, 'SANTA EULALIA', '140625', 16, 134, '2025-10-28 18:18:38', '2025-10-28 18:18:38', NULL),
	(1409, 'SANTIAGO DE ANCHUCAY', '140626', 16, 134, '2025-10-28 18:18:38', '2025-10-28 18:18:38', NULL),
	(1410, 'SANTIAGO DE TUNA', '140627', 16, 134, '2025-10-28 18:18:39', '2025-10-28 18:18:39', NULL),
	(1411, 'SANTO DOMINGO DE LOS', '140628', 16, 134, '2025-10-28 18:18:39', '2025-10-28 18:18:39', NULL),
	(1412, 'SURCO', '140629', 16, 134, '2025-10-28 18:18:40', '2025-10-28 18:18:40', NULL),
	(1413, 'HUACHO', '140501', 16, 135, '2025-10-28 18:18:41', '2025-10-28 18:18:41', NULL),
	(1414, 'AMBAR', '140502', 16, 135, '2025-10-28 18:18:41', '2025-10-28 18:18:41', NULL),
	(1415, 'CALETA DE CARQUIN', '140504', 16, 135, '2025-10-28 18:18:41', '2025-10-28 18:18:41', NULL),
	(1416, 'CHECRAS', '140505', 16, 135, '2025-10-28 18:18:42', '2025-10-28 18:18:42', NULL),
	(1417, 'HUALMAY', '140506', 16, 135, '2025-10-28 18:18:42', '2025-10-28 18:18:42', NULL),
	(1418, 'HUAURA', '140507', 16, 135, '2025-10-28 18:18:43', '2025-10-28 18:18:43', NULL),
	(1419, 'LEONCIO PRADO', '140508', 16, 135, '2025-10-28 18:18:43', '2025-10-28 18:18:43', NULL),
	(1420, 'PACCHO', '140509', 16, 135, '2025-10-28 18:18:44', '2025-10-28 18:18:44', NULL),
	(1421, 'SANTA LEONOR', '140511', 16, 135, '2025-10-28 18:18:44', '2025-10-28 18:18:44', NULL),
	(1422, 'SANTA MARIA', '140512', 16, 135, '2025-10-28 18:18:44', '2025-10-28 18:18:44', NULL),
	(1423, 'SAYAN', '140513', 16, 135, '2025-10-28 18:18:45', '2025-10-28 18:18:45', NULL),
	(1424, 'VEGUETA', '140516', 16, 135, '2025-10-28 18:18:46', '2025-10-28 18:18:46', NULL),
	(1425, 'OYON', '141001', 16, 136, '2025-10-28 18:18:47', '2025-10-28 18:18:47', NULL),
	(1426, 'ANDAJES', '141004', 16, 136, '2025-10-28 18:18:47', '2025-10-28 18:18:47', NULL),
	(1427, 'CAUJUL', '141003', 16, 136, '2025-10-28 18:18:47', '2025-10-28 18:18:47', NULL),
	(1428, 'COCHAMARCA', '141006', 16, 136, '2025-10-28 18:18:48', '2025-10-28 18:18:48', NULL),
	(1429, 'NAVAN', '141002', 16, 136, '2025-10-28 18:18:48', '2025-10-28 18:18:48', NULL),
	(1430, 'PACHANGARA', '141005', 16, 136, '2025-10-28 18:18:49', '2025-10-28 18:18:49', NULL),
	(1431, 'YAUYOS', '140701', 16, 137, '2025-10-28 18:18:50', '2025-10-28 18:18:50', NULL),
	(1432, 'ALIS', '140702', 16, 137, '2025-10-28 18:18:50', '2025-10-28 18:18:50', NULL),
	(1433, 'AYAUCA', '140703', 16, 137, '2025-10-28 18:18:51', '2025-10-28 18:18:51', NULL),
	(1434, 'AYAVIRI', '140704', 16, 137, '2025-10-28 18:18:51', '2025-10-28 18:18:51', NULL),
	(1435, 'AZANGARO', '140705', 16, 137, '2025-10-28 18:18:52', '2025-10-28 18:18:52', NULL),
	(1436, 'CACRA', '140706', 16, 137, '2025-10-28 18:18:52', '2025-10-28 18:18:52', NULL),
	(1437, 'CARANIA', '140707', 16, 137, '2025-10-28 18:18:53', '2025-10-28 18:18:53', NULL),
	(1438, 'CATAHUASI', '140733', 16, 137, '2025-10-28 18:18:53', '2025-10-28 18:18:53', NULL),
	(1439, 'CHOCOS', '140710', 16, 137, '2025-10-28 18:18:54', '2025-10-28 18:18:54', NULL),
	(1440, 'COCHAS', '140708', 16, 137, '2025-10-28 18:18:54', '2025-10-28 18:18:54', NULL),
	(1441, 'COLONIA', '140709', 16, 137, '2025-10-28 18:18:54', '2025-10-28 18:18:54', NULL),
	(1442, 'HONGOS', '140730', 16, 137, '2025-10-28 18:18:55', '2025-10-28 18:18:55', NULL),
	(1443, 'HUAMPARA', '140711', 16, 137, '2025-10-28 18:18:55', '2025-10-28 18:18:55', NULL),
	(1444, 'HUANCAYA', '140712', 16, 137, '2025-10-28 18:18:56', '2025-10-28 18:18:56', NULL),
	(1445, 'HUANGASCAR', '140713', 16, 137, '2025-10-28 18:18:56', '2025-10-28 18:18:56', NULL),
	(1446, 'HUANTAN', '140714', 16, 137, '2025-10-28 18:18:57', '2025-10-28 18:18:57', NULL),
	(1447, 'HUAÑEC', '140715', 16, 137, '2025-10-28 18:18:57', '2025-10-28 18:18:57', NULL),
	(1448, 'LARAOS', '140716', 16, 137, '2025-10-28 18:18:58', '2025-10-28 18:18:58', NULL),
	(1449, 'LINCHA', '140717', 16, 137, '2025-10-28 18:18:58', '2025-10-28 18:18:58', NULL),
	(1450, 'MADEAN', '140731', 16, 137, '2025-10-28 18:18:58', '2025-10-28 18:18:58', NULL),
	(1451, 'MIRAFLORES', '140718', 16, 137, '2025-10-28 18:18:59', '2025-10-28 18:18:59', NULL),
	(1452, 'OMAS', '140719', 16, 137, '2025-10-28 18:19:00', '2025-10-28 18:19:00', NULL),
	(1453, 'PUTINZA', '140732', 16, 137, '2025-10-28 18:19:00', '2025-10-28 18:19:00', NULL),
	(1454, 'QUINCHES', '140720', 16, 137, '2025-10-28 18:19:01', '2025-10-28 18:19:01', NULL),
	(1455, 'QUINOCAY', '140721', 16, 137, '2025-10-28 18:19:01', '2025-10-28 18:19:01', NULL),
	(1456, 'SAN JOAQUIN', '140722', 16, 137, '2025-10-28 18:19:01', '2025-10-28 18:19:01', NULL),
	(1457, 'SAN PEDRO DE PILAS', '140723', 16, 137, '2025-10-28 18:19:02', '2025-10-28 18:19:02', NULL),
	(1458, 'TANTA', '140724', 16, 137, '2025-10-28 18:19:02', '2025-10-28 18:19:02', NULL),
	(1459, 'TAURIPAMPA', '140725', 16, 137, '2025-10-28 18:19:03', '2025-10-28 18:19:03', NULL),
	(1460, 'TOMAS', '140727', 16, 137, '2025-10-28 18:19:03', '2025-10-28 18:19:03', NULL),
	(1461, 'TUPE', '140726', 16, 137, '2025-10-28 18:19:04', '2025-10-28 18:19:04', NULL),
	(1462, 'VIÑAC', '140728', 16, 137, '2025-10-28 18:19:04', '2025-10-28 18:19:04', NULL),
	(1463, 'VITIS', '140729', 16, 137, '2025-10-28 18:19:04', '2025-10-28 18:19:04', NULL),
	(1464, 'IQUITOS', '150101', 17, 138, '2025-10-28 18:19:06', '2025-10-28 18:19:06', NULL),
	(1465, 'ALTO NANAY', '150102', 17, 138, '2025-10-28 18:19:06', '2025-10-28 18:19:06', NULL),
	(1466, 'FERNANDO LORES', '150103', 17, 138, '2025-10-28 18:19:07', '2025-10-28 18:19:07', NULL),
	(1467, 'INDIANA', '150110', 17, 138, '2025-10-28 18:19:07', '2025-10-28 18:19:07', NULL),
	(1468, 'LAS AMAZONAS', '150104', 17, 138, '2025-10-28 18:19:08', '2025-10-28 18:19:08', NULL),
	(1469, 'MAZAN', '150105', 17, 138, '2025-10-28 18:19:08', '2025-10-28 18:19:08', NULL),
	(1470, 'NAPO', '150106', 17, 138, '2025-10-28 18:19:09', '2025-10-28 18:19:09', NULL),
	(1471, 'PUNCHANA', '150111', 17, 138, '2025-10-28 18:19:09', '2025-10-28 18:19:09', NULL),
	(1472, 'PUTUMAYO', '150107', 17, 138, '2025-10-28 18:19:09', '2025-10-28 18:19:09', NULL),
	(1473, 'TORRES CAUSANA', '150108', 17, 138, '2025-10-28 18:19:10', '2025-10-28 18:19:10', NULL),
	(1474, 'BELEN', '150112', 17, 138, '2025-10-28 18:19:10', '2025-10-28 18:19:10', NULL),
	(1475, 'SAN JUAN BAUTISTA', '150113', 17, 138, '2025-10-28 18:19:11', '2025-10-28 18:19:11', NULL),
	(1476, 'TENIENTE MANUEL CLAV', '150114', 17, 138, '2025-10-28 18:19:11', '2025-10-28 18:19:11', NULL),
	(1477, 'YURIMAGUAS', '150201', 17, 139, '2025-10-28 18:19:12', '2025-10-28 18:19:12', NULL),
	(1478, 'BALSAPUERTO', '150202', 17, 139, '2025-10-28 18:19:12', '2025-10-28 18:19:12', NULL),
	(1479, 'JEBEROS', '150205', 17, 139, '2025-10-28 18:19:13', '2025-10-28 18:19:13', NULL),
	(1480, 'LAGUNAS', '150206', 17, 139, '2025-10-28 18:19:13', '2025-10-28 18:19:13', NULL),
	(1481, 'SANTA CRUZ', '150210', 17, 139, '2025-10-28 18:19:14', '2025-10-28 18:19:14', NULL),
	(1482, 'TENIENTE CESAR LOPEZ', '150211', 17, 139, '2025-10-28 18:19:14', '2025-10-28 18:19:14', NULL),
	(1483, 'NAUTA', '150301', 17, 140, '2025-10-28 18:19:15', '2025-10-28 18:19:15', NULL),
	(1484, 'PARINARI', '150302', 17, 140, '2025-10-28 18:19:15', '2025-10-28 18:19:15', NULL),
	(1485, 'TIGRE', '150303', 17, 140, '2025-10-28 18:19:16', '2025-10-28 18:19:16', NULL),
	(1486, 'TROMPETEROS', '150305', 17, 140, '2025-10-28 18:19:16', '2025-10-28 18:19:16', NULL),
	(1487, 'URARINAS', '150304', 17, 140, '2025-10-28 18:19:16', '2025-10-28 18:19:16', NULL),
	(1488, 'RAMON CASTILLA', '150601', 17, 141, '2025-10-28 18:19:17', '2025-10-28 18:19:17', NULL),
	(1489, 'PEBAS', '150602', 17, 141, '2025-10-28 18:19:18', '2025-10-28 18:19:18', NULL),
	(1490, 'YAVARI', '150603', 17, 141, '2025-10-28 18:19:18', '2025-10-28 18:19:18', NULL),
	(1491, 'SAN PABLO', '150604', 17, 141, '2025-10-28 18:19:18', '2025-10-28 18:19:18', NULL),
	(1492, 'REQUENA', '150401', 17, 142, '2025-10-28 18:19:19', '2025-10-28 18:19:19', NULL),
	(1493, 'ALTO TAPICHE', '150402', 17, 142, '2025-10-28 18:19:20', '2025-10-28 18:19:20', NULL),
	(1494, 'CAPELO', '150403', 17, 142, '2025-10-28 18:19:20', '2025-10-28 18:19:20', NULL),
	(1495, 'EMILIO SAN MARTIN', '150404', 17, 142, '2025-10-28 18:19:21', '2025-10-28 18:19:21', NULL),
	(1496, 'MAQUIA', '150405', 17, 142, '2025-10-28 18:19:21', '2025-10-28 18:19:21', NULL),
	(1497, 'PUINAHUA', '150406', 17, 142, '2025-10-28 18:19:21', '2025-10-28 18:19:21', NULL),
	(1498, 'SAQUENA', '150407', 17, 142, '2025-10-28 18:19:22', '2025-10-28 18:19:22', NULL),
	(1499, 'SOPLIN', '150408', 17, 142, '2025-10-28 18:19:22', '2025-10-28 18:19:22', NULL),
	(1500, 'TAPICHE', '150409', 17, 142, '2025-10-28 18:19:23', '2025-10-28 18:19:23', NULL),
	(1501, 'JENARO HERRERA', '150410', 17, 142, '2025-10-28 18:19:23', '2025-10-28 18:19:23', NULL),
	(1502, 'YAQUERANA', '150411', 17, 142, '2025-10-28 18:19:24', '2025-10-28 18:19:24', NULL),
	(1503, 'CONTAMANA', '150501', 17, 143, '2025-10-28 18:19:24', '2025-10-28 18:19:24', NULL),
	(1504, 'INAHUAYA', '150506', 17, 143, '2025-10-28 18:19:25', '2025-10-28 18:19:25', NULL),
	(1505, 'PADRE MARQUEZ', '150503', 17, 143, '2025-10-28 18:19:25', '2025-10-28 18:19:25', NULL),
	(1506, 'PAMPA HERMOSA', '150504', 17, 143, '2025-10-28 18:19:26', '2025-10-28 18:19:26', NULL),
	(1507, 'SARAYACU', '150505', 17, 143, '2025-10-28 18:19:26', '2025-10-28 18:19:26', NULL),
	(1508, 'VARGAS GUERRA', '150502', 17, 143, '2025-10-28 18:19:27', '2025-10-28 18:19:27', NULL),
	(1509, 'BARRANCA', '150701', 17, 144, '2025-10-28 18:19:28', '2025-10-28 18:19:28', NULL),
	(1510, 'CAHUAPANAS', '150703', 17, 144, '2025-10-28 18:19:28', '2025-10-28 18:19:28', NULL),
	(1511, 'MANSERICHE', '150704', 17, 144, '2025-10-28 18:19:29', '2025-10-28 18:19:29', NULL),
	(1512, 'MORONA', '150705', 17, 144, '2025-10-28 18:19:29', '2025-10-28 18:19:29', NULL),
	(1513, 'PASTAZA', '150706', 17, 144, '2025-10-28 18:19:29', '2025-10-28 18:19:29', NULL),
	(1514, 'ANDOAS', '150702', 17, 144, '2025-10-28 18:19:30', '2025-10-28 18:19:30', NULL),
	(1515, 'PUTUMAYO', '150901', 17, 145, '2025-10-28 18:19:31', '2025-10-28 18:19:31', NULL),
	(1516, 'ROSA PANDURO', '150902', 17, 145, '2025-10-28 18:19:31', '2025-10-28 18:19:31', NULL),
	(1517, 'TENIENTE MANUEL CLAV', '150903', 17, 145, '2025-10-28 18:19:32', '2025-10-28 18:19:32', NULL),
	(1518, 'YAGUAS', '150904', 17, 145, '2025-10-28 18:19:32', '2025-10-28 18:19:32', NULL),
	(1519, 'TAMBOPATA', '160101', 18, 146, '2025-10-28 18:19:33', '2025-10-28 18:19:33', NULL),
	(1520, 'INAMBARI', '160102', 18, 146, '2025-10-28 18:19:34', '2025-10-28 18:19:34', NULL),
	(1521, 'LAS PIEDRAS', '160103', 18, 146, '2025-10-28 18:19:34', '2025-10-28 18:19:34', NULL),
	(1522, 'LABERINTO', '160104', 18, 146, '2025-10-28 18:19:35', '2025-10-28 18:19:35', NULL),
	(1523, 'MANU', '160201', 18, 147, '2025-10-28 18:19:35', '2025-10-28 18:19:35', NULL),
	(1524, 'FITZCARRALD', '160202', 18, 147, '2025-10-28 18:19:36', '2025-10-28 18:19:36', NULL),
	(1525, 'MADRE DE DIOS', '160203', 18, 147, '2025-10-28 18:19:36', '2025-10-28 18:19:36', NULL),
	(1526, 'HUEPETUHE', '160204', 18, 147, '2025-10-28 18:19:37', '2025-10-28 18:19:37', NULL),
	(1527, 'IÑAPARI', '160301', 18, 148, '2025-10-28 18:19:38', '2025-10-28 18:19:38', NULL),
	(1528, 'IBERIA', '160302', 18, 148, '2025-10-28 18:19:38', '2025-10-28 18:19:38', NULL),
	(1529, 'TAHUAMANU', '160303', 18, 148, '2025-10-28 18:19:39', '2025-10-28 18:19:39', NULL),
	(1530, 'MOQUEGUA', '170101', 19, 149, '2025-10-28 18:19:40', '2025-10-28 18:19:40', NULL),
	(1531, 'CARUMAS', '170102', 19, 149, '2025-10-28 18:19:41', '2025-10-28 18:19:41', NULL),
	(1532, 'CUCHUMBAYA', '170103', 19, 149, '2025-10-28 18:19:41', '2025-10-28 18:19:41', NULL),
	(1533, 'SAMEGUA', '170106', 19, 149, '2025-10-28 18:19:42', '2025-10-28 18:19:42', NULL),
	(1534, 'SAN CRISTOBAL', '170104', 19, 149, '2025-10-28 18:19:42', '2025-10-28 18:19:42', NULL),
	(1535, 'TORATA', '170105', 19, 149, '2025-10-28 18:19:43', '2025-10-28 18:19:43', NULL),
	(1536, 'SAN ANTONIO', '170107', 19, 149, '2025-10-28 18:19:43', '2025-10-28 18:19:43', NULL),
	(1537, 'OMATE', '170201', 19, 150, '2025-10-28 18:19:44', '2025-10-28 18:19:44', NULL),
	(1538, 'CHOJATA', '170203', 19, 150, '2025-10-28 18:19:44', '2025-10-28 18:19:44', NULL),
	(1539, 'COALAQUE', '170202', 19, 150, '2025-10-28 18:19:45', '2025-10-28 18:19:45', NULL),
	(1540, 'ICHUÑA', '170204', 19, 150, '2025-10-28 18:19:45', '2025-10-28 18:19:45', NULL),
	(1541, 'LA CAPILLA', '170205', 19, 150, '2025-10-28 18:19:46', '2025-10-28 18:19:46', NULL),
	(1542, 'LLOQUE', '170206', 19, 150, '2025-10-28 18:19:46', '2025-10-28 18:19:46', NULL),
	(1543, 'MATALAQUE', '170207', 19, 150, '2025-10-28 18:19:47', '2025-10-28 18:19:47', NULL),
	(1544, 'PUQUINA', '170208', 19, 150, '2025-10-28 18:19:47', '2025-10-28 18:19:47', NULL),
	(1545, 'QUINISTAQUILLAS', '170209', 19, 150, '2025-10-28 18:19:48', '2025-10-28 18:19:48', NULL),
	(1546, 'UBINAS', '170210', 19, 150, '2025-10-28 18:19:49', '2025-10-28 18:19:49', NULL),
	(1547, 'YUNGA', '170211', 19, 150, '2025-10-28 18:19:50', '2025-10-28 18:19:50', NULL),
	(1548, 'ILO', '170301', 19, 151, '2025-10-28 18:19:51', '2025-10-28 18:19:51', NULL),
	(1549, 'EL ALGARROBAL', '170302', 19, 151, '2025-10-28 18:19:51', '2025-10-28 18:19:51', NULL),
	(1550, 'PACOCHA', '170303', 19, 151, '2025-10-28 18:19:52', '2025-10-28 18:19:52', NULL),
	(1551, 'CHAUPIMARCA', '180101', 20, 152, '2025-10-28 18:19:53', '2025-10-28 18:19:53', NULL),
	(1552, 'HUACHON', '180103', 20, 152, '2025-10-28 18:19:54', '2025-10-28 18:19:54', NULL),
	(1553, 'HUARIACA', '180104', 20, 152, '2025-10-28 18:19:54', '2025-10-28 18:19:54', NULL),
	(1554, 'HUAYLLAY', '180105', 20, 152, '2025-10-28 18:19:54', '2025-10-28 18:19:54', NULL),
	(1555, 'NINACACA', '180106', 20, 152, '2025-10-28 18:19:55', '2025-10-28 18:19:55', NULL),
	(1556, 'PALLANCHACRA', '180107', 20, 152, '2025-10-28 18:19:55', '2025-10-28 18:19:55', NULL),
	(1557, 'PAUCARTAMBO', '180108', 20, 152, '2025-10-28 18:19:56', '2025-10-28 18:19:56', NULL),
	(1558, 'SAN FRANCISCO DE ASI', '180109', 20, 152, '2025-10-28 18:19:56', '2025-10-28 18:19:56', NULL),
	(1559, 'SIMON BOLIVAR', '180110', 20, 152, '2025-10-28 18:19:57', '2025-10-28 18:19:57', NULL),
	(1560, 'TICLACAYAN', '180111', 20, 152, '2025-10-28 18:19:57', '2025-10-28 18:19:57', NULL),
	(1561, 'TINYAHUARCO', '180112', 20, 152, '2025-10-28 18:19:57', '2025-10-28 18:19:57', NULL),
	(1562, 'VICCO', '180113', 20, 152, '2025-10-28 18:19:58', '2025-10-28 18:19:58', NULL),
	(1563, 'YANACANCHA', '180114', 20, 152, '2025-10-28 18:19:58', '2025-10-28 18:19:58', NULL),
	(1564, 'YANAHUANCA', '180201', 20, 153, '2025-10-28 18:19:59', '2025-10-28 18:19:59', NULL),
	(1565, 'CHACAYAN', '180202', 20, 153, '2025-10-28 18:19:59', '2025-10-28 18:19:59', NULL),
	(1566, 'GOYLLARISQUIZGA', '180203', 20, 153, '2025-10-28 18:20:00', '2025-10-28 18:20:00', NULL),
	(1567, 'PAUCAR', '180204', 20, 153, '2025-10-28 18:20:00', '2025-10-28 18:20:00', NULL),
	(1568, 'SAN PEDRO DE PILLAO', '180205', 20, 153, '2025-10-28 18:20:01', '2025-10-28 18:20:01', NULL),
	(1569, 'SANTA ANA DE TUSI', '180206', 20, 153, '2025-10-28 18:20:01', '2025-10-28 18:20:01', NULL),
	(1570, 'TAPUC', '180207', 20, 153, '2025-10-28 18:20:02', '2025-10-28 18:20:02', NULL),
	(1571, 'VILCABAMBA', '180208', 20, 153, '2025-10-28 18:20:02', '2025-10-28 18:20:02', NULL),
	(1572, 'CONSTITUCION', '180308', 20, 154, '2025-10-28 18:20:03', '2025-10-28 18:20:03', NULL),
	(1573, 'OXAPAMPA', '180301', 20, 154, '2025-10-28 18:20:03', '2025-10-28 18:20:03', NULL),
	(1574, 'CHONTABAMBA', '180302', 20, 154, '2025-10-28 18:20:04', '2025-10-28 18:20:04', NULL),
	(1575, 'HUANCABAMBA', '180303', 20, 154, '2025-10-28 18:20:04', '2025-10-28 18:20:04', NULL),
	(1576, 'PALCAZU', '180307', 20, 154, '2025-10-28 18:20:05', '2025-10-28 18:20:05', NULL),
	(1577, 'POZUZO', '180306', 20, 154, '2025-10-28 18:20:05', '2025-10-28 18:20:05', NULL),
	(1578, 'PUERTO BERMUDEZ', '180304', 20, 154, '2025-10-28 18:20:05', '2025-10-28 18:20:05', NULL),
	(1579, 'VILLA RICA', '180305', 20, 154, '2025-10-28 18:20:06', '2025-10-28 18:20:06', NULL),
	(1580, 'PIURA', '190101', 21, 155, '2025-10-28 18:20:07', '2025-10-28 18:20:07', NULL),
	(1581, 'CASTILLA', '190103', 21, 155, '2025-10-28 18:20:07', '2025-10-28 18:20:07', NULL),
	(1582, 'CATACAOS', '190104', 21, 155, '2025-10-28 18:20:08', '2025-10-28 18:20:08', NULL),
	(1583, 'CURA MORI', '190113', 21, 155, '2025-10-28 18:20:08', '2025-10-28 18:20:08', NULL),
	(1584, 'EL TALLAN', '190114', 21, 155, '2025-10-28 18:20:09', '2025-10-28 18:20:09', NULL),
	(1585, 'LA ARENA', '190105', 21, 155, '2025-10-28 18:20:09', '2025-10-28 18:20:09', NULL),
	(1586, 'LA UNION', '190106', 21, 155, '2025-10-28 18:20:10', '2025-10-28 18:20:10', NULL),
	(1587, 'LAS LOMAS', '190107', 21, 155, '2025-10-28 18:20:10', '2025-10-28 18:20:10', NULL),
	(1588, 'TAMBO GRANDE', '190109', 21, 155, '2025-10-28 18:20:11', '2025-10-28 18:20:11', NULL),
	(1589, 'VEINTISEIS DE OCTUBR', '190115', 21, 155, '2025-10-28 18:20:11', '2025-10-28 18:20:11', NULL),
	(1590, 'AYABACA', '190201', 21, 156, '2025-10-28 18:20:12', '2025-10-28 18:20:12', NULL),
	(1591, 'FRIAS', '190202', 21, 156, '2025-10-28 18:20:13', '2025-10-28 18:20:13', NULL),
	(1592, 'JILILI', '190209', 21, 156, '2025-10-28 18:20:13', '2025-10-28 18:20:13', NULL),
	(1593, 'LAGUNAS', '190203', 21, 156, '2025-10-28 18:20:14', '2025-10-28 18:20:14', NULL),
	(1594, 'MONTERO', '190204', 21, 156, '2025-10-28 18:20:14', '2025-10-28 18:20:14', NULL),
	(1595, 'PACAIPAMPA', '190205', 21, 156, '2025-10-28 18:20:15', '2025-10-28 18:20:15', NULL),
	(1596, 'PAIMAS', '190210', 21, 156, '2025-10-28 18:20:15', '2025-10-28 18:20:15', NULL),
	(1597, 'SAPILLICA', '190206', 21, 156, '2025-10-28 18:20:15', '2025-10-28 18:20:15', NULL),
	(1598, 'SICCHEZ', '190207', 21, 156, '2025-10-28 18:20:16', '2025-10-28 18:20:16', NULL),
	(1599, 'SUYO', '190208', 21, 156, '2025-10-28 18:20:16', '2025-10-28 18:20:16', NULL),
	(1600, 'HUANCABAMBA', '190301', 21, 157, '2025-10-28 18:20:17', '2025-10-28 18:20:17', NULL),
	(1601, 'CANCHAQUE', '190302', 21, 157, '2025-10-28 18:20:18', '2025-10-28 18:20:18', NULL),
	(1602, 'EL CARMEN DE LA FRON', '190306', 21, 157, '2025-10-28 18:20:18', '2025-10-28 18:20:18', NULL),
	(1603, 'HUARMACA', '190303', 21, 157, '2025-10-28 18:20:19', '2025-10-28 18:20:19', NULL),
	(1604, 'LALAQUIZ', '190308', 21, 157, '2025-10-28 18:20:19', '2025-10-28 18:20:19', NULL),
	(1605, 'SAN MIGUEL DE EL FAI', '190307', 21, 157, '2025-10-28 18:20:19', '2025-10-28 18:20:19', NULL),
	(1606, 'SONDOR', '190304', 21, 157, '2025-10-28 18:20:20', '2025-10-28 18:20:20', NULL),
	(1607, 'SONDORILLO', '190305', 21, 157, '2025-10-28 18:20:20', '2025-10-28 18:20:20', NULL),
	(1608, 'CHULUCANAS', '190401', 21, 158, '2025-10-28 18:20:21', '2025-10-28 18:20:21', NULL),
	(1609, 'BUENOS AIRES', '190402', 21, 158, '2025-10-28 18:20:22', '2025-10-28 18:20:22', NULL),
	(1610, 'CHALACO', '190403', 21, 158, '2025-10-28 18:20:22', '2025-10-28 18:20:22', NULL),
	(1611, 'LA MATANZA', '190408', 21, 158, '2025-10-28 18:20:23', '2025-10-28 18:20:23', NULL),
	(1612, 'MORROPON', '190404', 21, 158, '2025-10-28 18:20:23', '2025-10-28 18:20:23', NULL),
	(1613, 'SALITRAL', '190405', 21, 158, '2025-10-28 18:20:23', '2025-10-28 18:20:23', NULL),
	(1614, 'SAN JUAN DE BIGOTE', '190410', 21, 158, '2025-10-28 18:20:24', '2025-10-28 18:20:24', NULL),
	(1615, 'SANTA CATALINA DE MO', '190406', 21, 158, '2025-10-28 18:20:24', '2025-10-28 18:20:24', NULL),
	(1616, 'SANTO DOMINGO', '190407', 21, 158, '2025-10-28 18:20:25', '2025-10-28 18:20:25', NULL),
	(1617, 'YAMANGO', '190409', 21, 158, '2025-10-28 18:20:25', '2025-10-28 18:20:25', NULL),
	(1618, 'PAITA', '190501', 21, 159, '2025-10-28 18:20:26', '2025-10-28 18:20:26', NULL),
	(1619, 'AMOTAPE', '190502', 21, 159, '2025-10-28 18:20:27', '2025-10-28 18:20:27', NULL),
	(1620, 'ARENAL', '190503', 21, 159, '2025-10-28 18:20:27', '2025-10-28 18:20:27', NULL),
	(1621, 'COLAN', '190505', 21, 159, '2025-10-28 18:20:27', '2025-10-28 18:20:27', NULL),
	(1622, 'LA HUACA', '190504', 21, 159, '2025-10-28 18:20:28', '2025-10-28 18:20:28', NULL),
	(1623, 'TAMARINDO', '190506', 21, 159, '2025-10-28 18:20:28', '2025-10-28 18:20:28', NULL),
	(1624, 'VICHAYAL', '190507', 21, 159, '2025-10-28 18:20:29', '2025-10-28 18:20:29', NULL),
	(1625, 'SULLANA', '190601', 21, 160, '2025-10-28 18:20:29', '2025-10-28 18:20:29', NULL),
	(1626, 'BELLAVISTA', '190602', 21, 160, '2025-10-28 18:20:30', '2025-10-28 18:20:30', NULL),
	(1627, 'IGNACIO ESCUDERO', '190608', 21, 160, '2025-10-28 18:20:30', '2025-10-28 18:20:30', NULL),
	(1628, 'LANCONES', '190603', 21, 160, '2025-10-28 18:20:31', '2025-10-28 18:20:31', NULL),
	(1629, 'MARCAVELICA', '190604', 21, 160, '2025-10-28 18:20:31', '2025-10-28 18:20:31', NULL),
	(1630, 'MIGUEL CHECA', '190605', 21, 160, '2025-10-28 18:20:31', '2025-10-28 18:20:31', NULL),
	(1631, 'QUERECOTILLO', '190606', 21, 160, '2025-10-28 18:20:32', '2025-10-28 18:20:32', NULL),
	(1632, 'SALITRAL', '190607', 21, 160, '2025-10-28 18:20:32', '2025-10-28 18:20:32', NULL),
	(1633, 'PARIÑAS', '190701', 21, 161, '2025-10-28 18:20:33', '2025-10-28 18:20:33', NULL),
	(1634, 'EL ALTO', '190702', 21, 161, '2025-10-28 18:20:34', '2025-10-28 18:20:34', NULL),
	(1635, 'LA BREA', '190703', 21, 161, '2025-10-28 18:20:35', '2025-10-28 18:20:35', NULL),
	(1636, 'LOBITOS', '190704', 21, 161, '2025-10-28 18:20:35', '2025-10-28 18:20:35', NULL),
	(1637, 'LOS ORGANOS', '190706', 21, 161, '2025-10-28 18:20:36', '2025-10-28 18:20:36', NULL),
	(1638, 'MANCORA', '190705', 21, 161, '2025-10-28 18:20:36', '2025-10-28 18:20:36', NULL),
	(1639, 'SECHURA', '190801', 21, 162, '2025-10-28 18:20:37', '2025-10-28 18:20:37', NULL),
	(1640, 'BELLAVISTA DE LA UNI', '190804', 21, 162, '2025-10-28 18:20:38', '2025-10-28 18:20:38', NULL),
	(1641, 'BERNAL', '190803', 21, 162, '2025-10-28 18:20:38', '2025-10-28 18:20:38', NULL),
	(1642, 'CRISTO NOS VALGA', '190805', 21, 162, '2025-10-28 18:20:39', '2025-10-28 18:20:39', NULL),
	(1643, 'VICE', '190802', 21, 162, '2025-10-28 18:20:39', '2025-10-28 18:20:39', NULL),
	(1644, 'RINCONADA LLICUAR', '190806', 21, 162, '2025-10-28 18:20:39', '2025-10-28 18:20:39', NULL),
	(1645, 'PUNO', '200101', 22, 163, '2025-10-28 18:20:41', '2025-10-28 18:20:41', NULL),
	(1646, 'ACORA', '200102', 22, 163, '2025-10-28 18:20:41', '2025-10-28 18:20:41', NULL),
	(1647, 'AMANTANI', '200115', 22, 163, '2025-10-28 18:20:42', '2025-10-28 18:20:42', NULL),
	(1648, 'ATUNCOLLA', '200103', 22, 163, '2025-10-28 18:20:42', '2025-10-28 18:20:42', NULL),
	(1649, 'CAPACHICA', '200104', 22, 163, '2025-10-28 18:20:42', '2025-10-28 18:20:42', NULL),
	(1650, 'CHUCUITO', '200106', 22, 163, '2025-10-28 18:20:43', '2025-10-28 18:20:43', NULL),
	(1651, 'COATA', '200105', 22, 163, '2025-10-28 18:20:43', '2025-10-28 18:20:43', NULL),
	(1652, 'HUATA', '200107', 22, 163, '2025-10-28 18:20:44', '2025-10-28 18:20:44', NULL),
	(1653, 'MAÑAZO', '200108', 22, 163, '2025-10-28 18:20:44', '2025-10-28 18:20:44', NULL),
	(1654, 'PAUCARCOLLA', '200109', 22, 163, '2025-10-28 18:20:45', '2025-10-28 18:20:45', NULL),
	(1655, 'PICHACANI', '200110', 22, 163, '2025-10-28 18:20:45', '2025-10-28 18:20:45', NULL),
	(1656, 'PLATERIA', '200114', 22, 163, '2025-10-28 18:20:45', '2025-10-28 18:20:45', NULL),
	(1657, 'SAN ANTONIO', '200111', 22, 163, '2025-10-28 18:20:46', '2025-10-28 18:20:46', NULL),
	(1658, 'TIQUILLACA', '200112', 22, 163, '2025-10-28 18:20:46', '2025-10-28 18:20:46', NULL),
	(1659, 'VILQUE', '200113', 22, 163, '2025-10-28 18:20:47', '2025-10-28 18:20:47', NULL),
	(1660, 'AZANGARO', '200201', 22, 164, '2025-10-28 18:20:48', '2025-10-28 18:20:48', NULL),
	(1661, 'ACHAYA', '200202', 22, 164, '2025-10-28 18:20:48', '2025-10-28 18:20:48', NULL),
	(1662, 'ARAPA', '200203', 22, 164, '2025-10-28 18:20:48', '2025-10-28 18:20:48', NULL),
	(1663, 'ASILLO', '200204', 22, 164, '2025-10-28 18:20:49', '2025-10-28 18:20:49', NULL),
	(1664, 'CAMINACA', '200205', 22, 164, '2025-10-28 18:20:49', '2025-10-28 18:20:49', NULL),
	(1665, 'CHUPA', '200206', 22, 164, '2025-10-28 18:20:50', '2025-10-28 18:20:50', NULL),
	(1666, 'JOSE DOMINGO CHOQUEH', '200207', 22, 164, '2025-10-28 18:20:50', '2025-10-28 18:20:50', NULL),
	(1667, 'MUÑANI', '200208', 22, 164, '2025-10-28 18:20:51', '2025-10-28 18:20:51', NULL),
	(1668, 'POTONI', '200210', 22, 164, '2025-10-28 18:20:51', '2025-10-28 18:20:51', NULL),
	(1669, 'SAMAN', '200212', 22, 164, '2025-10-28 18:20:51', '2025-10-28 18:20:51', NULL),
	(1670, 'SAN ANTON', '200213', 22, 164, '2025-10-28 18:20:52', '2025-10-28 18:20:52', NULL),
	(1671, 'SAN JOSE', '200214', 22, 164, '2025-10-28 18:20:52', '2025-10-28 18:20:52', NULL),
	(1672, 'SAN JUAN DE SALINAS', '200215', 22, 164, '2025-10-28 18:20:53', '2025-10-28 18:20:53', NULL),
	(1673, 'SANTIAGO DE PUPUJA', '200216', 22, 164, '2025-10-28 18:20:53', '2025-10-28 18:20:53', NULL),
	(1674, 'TIRAPATA', '200217', 22, 164, '2025-10-28 18:20:53', '2025-10-28 18:20:53', NULL),
	(1675, 'MACUSANI', '200301', 22, 165, '2025-10-28 18:20:55', '2025-10-28 18:20:55', NULL),
	(1676, 'AJOYANI', '200302', 22, 165, '2025-10-28 18:20:55', '2025-10-28 18:20:55', NULL),
	(1677, 'AYAPATA', '200303', 22, 165, '2025-10-28 18:20:56', '2025-10-28 18:20:56', NULL),
	(1678, 'COASA', '200304', 22, 165, '2025-10-28 18:20:57', '2025-10-28 18:20:57', NULL),
	(1679, 'CORANI', '200305', 22, 165, '2025-10-28 18:20:57', '2025-10-28 18:20:57', NULL),
	(1680, 'CRUCERO', '200306', 22, 165, '2025-10-28 18:20:58', '2025-10-28 18:20:58', NULL),
	(1681, 'ITUATA', '200307', 22, 165, '2025-10-28 18:20:58', '2025-10-28 18:20:58', NULL),
	(1682, 'OLLACHEA', '200308', 22, 165, '2025-10-28 18:20:59', '2025-10-28 18:20:59', NULL),
	(1683, 'SAN GABAN', '200309', 22, 165, '2025-10-28 18:20:59', '2025-10-28 18:20:59', NULL),
	(1684, 'USICAYOS', '200310', 22, 165, '2025-10-28 18:20:59', '2025-10-28 18:20:59', NULL),
	(1685, 'JULI', '200401', 22, 166, '2025-10-28 18:21:00', '2025-10-28 18:21:00', NULL),
	(1686, 'DESAGUADERO', '200402', 22, 166, '2025-10-28 18:21:01', '2025-10-28 18:21:01', NULL),
	(1687, 'HUACULLANI', '200403', 22, 166, '2025-10-28 18:21:01', '2025-10-28 18:21:01', NULL),
	(1688, 'KELLUYO', '200412', 22, 166, '2025-10-28 18:21:01', '2025-10-28 18:21:01', NULL),
	(1689, 'PISACOMA', '200406', 22, 166, '2025-10-28 18:21:02', '2025-10-28 18:21:02', NULL),
	(1690, 'POMATA', '200407', 22, 166, '2025-10-28 18:21:02', '2025-10-28 18:21:02', NULL),
	(1691, 'ZEPITA', '200410', 22, 166, '2025-10-28 18:21:03', '2025-10-28 18:21:03', NULL),
	(1692, 'ILAVE', '201201', 22, 167, '2025-10-28 18:21:04', '2025-10-28 18:21:04', NULL),
	(1693, 'CAPAZO', '201204', 22, 167, '2025-10-28 18:21:04', '2025-10-28 18:21:04', NULL),
	(1694, 'PILCUYO', '201202', 22, 167, '2025-10-28 18:21:05', '2025-10-28 18:21:05', NULL),
	(1695, 'SANTA ROSA', '201203', 22, 167, '2025-10-28 18:21:05', '2025-10-28 18:21:05', NULL),
	(1696, 'CONDURIRI', '201205', 22, 167, '2025-10-28 18:21:06', '2025-10-28 18:21:06', NULL),
	(1697, 'HUANCANE', '200501', 22, 168, '2025-10-28 18:21:07', '2025-10-28 18:21:07', NULL),
	(1698, 'COJATA', '200502', 22, 168, '2025-10-28 18:21:07', '2025-10-28 18:21:07', NULL),
	(1699, 'HUATASANI', '200511', 22, 168, '2025-10-28 18:21:08', '2025-10-28 18:21:08', NULL),
	(1700, 'INCHUPALLA', '200504', 22, 168, '2025-10-28 18:21:08', '2025-10-28 18:21:08', NULL),
	(1701, 'PUSI', '200506', 22, 168, '2025-10-28 18:21:09', '2025-10-28 18:21:09', NULL),
	(1702, 'ROSASPATA', '200507', 22, 168, '2025-10-28 18:21:09', '2025-10-28 18:21:09', NULL),
	(1703, 'TARACO', '200508', 22, 168, '2025-10-28 18:21:09', '2025-10-28 18:21:09', NULL),
	(1704, 'VILQUE CHICO', '200509', 22, 168, '2025-10-28 18:21:10', '2025-10-28 18:21:10', NULL),
	(1705, 'LAMPA', '200601', 22, 169, '2025-10-28 18:21:11', '2025-10-28 18:21:11', NULL),
	(1706, 'CABANILLA', '200602', 22, 169, '2025-10-28 18:21:11', '2025-10-28 18:21:11', NULL),
	(1707, 'CALAPUJA', '200603', 22, 169, '2025-10-28 18:21:11', '2025-10-28 18:21:11', NULL),
	(1708, 'NICASIO', '200604', 22, 169, '2025-10-28 18:21:12', '2025-10-28 18:21:12', NULL),
	(1709, 'OCUVIRI', '200605', 22, 169, '2025-10-28 18:21:12', '2025-10-28 18:21:12', NULL),
	(1710, 'PALCA', '200606', 22, 169, '2025-10-28 18:21:13', '2025-10-28 18:21:13', NULL),
	(1711, 'PARATIA', '200607', 22, 169, '2025-10-28 18:21:13', '2025-10-28 18:21:13', NULL),
	(1712, 'PUCARA', '200608', 22, 169, '2025-10-28 18:21:14', '2025-10-28 18:21:14', NULL),
	(1713, 'SANTA LUCIA', '200609', 22, 169, '2025-10-28 18:21:14', '2025-10-28 18:21:14', NULL),
	(1714, 'VILAVILA', '200610', 22, 169, '2025-10-28 18:21:14', '2025-10-28 18:21:14', NULL),
	(1715, 'AYAVIRI', '200701', 22, 170, '2025-10-28 18:21:15', '2025-10-28 18:21:15', NULL),
	(1716, 'ANTAUTA', '200702', 22, 170, '2025-10-28 18:21:16', '2025-10-28 18:21:16', NULL),
	(1717, 'CUPI', '200703', 22, 170, '2025-10-28 18:21:16', '2025-10-28 18:21:16', NULL),
	(1718, 'LLALLI', '200704', 22, 170, '2025-10-28 18:21:16', '2025-10-28 18:21:16', NULL),
	(1719, 'MACARI', '200705', 22, 170, '2025-10-28 18:21:17', '2025-10-28 18:21:17', NULL),
	(1720, 'NUÑOA', '200706', 22, 170, '2025-10-28 18:21:17', '2025-10-28 18:21:17', NULL),
	(1721, 'ORURILLO', '200707', 22, 170, '2025-10-28 18:21:18', '2025-10-28 18:21:18', NULL),
	(1722, 'SANTA ROSA', '200708', 22, 170, '2025-10-28 18:21:18', '2025-10-28 18:21:18', NULL),
	(1723, 'UMACHIRI', '200709', 22, 170, '2025-10-28 18:21:19', '2025-10-28 18:21:19', NULL),
	(1724, 'MOHO', '201301', 22, 171, '2025-10-28 18:21:20', '2025-10-28 18:21:20', NULL),
	(1725, 'CONIMA', '201302', 22, 171, '2025-10-28 18:21:20', '2025-10-28 18:21:20', NULL),
	(1726, 'HUAYRAPATA', '201304', 22, 171, '2025-10-28 18:21:20', '2025-10-28 18:21:20', NULL),
	(1727, 'TILALI', '201303', 22, 171, '2025-10-28 18:21:21', '2025-10-28 18:21:21', NULL),
	(1728, 'PUTINA', '201101', 22, 172, '2025-10-28 18:21:23', '2025-10-28 18:21:23', NULL),
	(1729, 'ANANEA', '201104', 22, 172, '2025-10-28 18:21:23', '2025-10-28 18:21:23', NULL),
	(1730, 'PEDRO VILCA APAZA', '201102', 22, 172, '2025-10-28 18:21:24', '2025-10-28 18:21:24', NULL),
	(1731, 'QUILCAPUNCU', '201103', 22, 172, '2025-10-28 18:21:24', '2025-10-28 18:21:24', NULL),
	(1732, 'SINA', '201105', 22, 172, '2025-10-28 18:21:25', '2025-10-28 18:21:25', NULL),
	(1733, 'JULIACA', '200901', 22, 173, '2025-10-28 18:21:26', '2025-10-28 18:21:26', NULL),
	(1734, 'CABANA', '200902', 22, 173, '2025-10-28 18:21:26', '2025-10-28 18:21:26', NULL),
	(1735, 'CABANILLAS', '200903', 22, 173, '2025-10-28 18:21:27', '2025-10-28 18:21:27', NULL),
	(1736, 'CARACOTO', '200904', 22, 173, '2025-10-28 18:21:27', '2025-10-28 18:21:27', NULL),
	(1737, 'SAN MIGUEL', '200905', 22, 173, '2025-10-28 18:21:28', '2025-10-28 18:21:28', NULL),
	(1738, 'SANDIA', '200801', 22, 174, '2025-10-28 18:21:29', '2025-10-28 18:21:29', NULL),
	(1739, 'CUYOCUYO', '200803', 22, 174, '2025-10-28 18:21:30', '2025-10-28 18:21:30', NULL),
	(1740, 'LIMBANI', '200804', 22, 174, '2025-10-28 18:21:30', '2025-10-28 18:21:30', NULL),
	(1741, 'PATAMBUCO', '200806', 22, 174, '2025-10-28 18:21:31', '2025-10-28 18:21:31', NULL),
	(1742, 'PHARA', '200805', 22, 174, '2025-10-28 18:21:31', '2025-10-28 18:21:31', NULL),
	(1743, 'QUIACA', '200807', 22, 174, '2025-10-28 18:21:31', '2025-10-28 18:21:31', NULL),
	(1744, 'SAN JUAN DEL ORO', '200808', 22, 174, '2025-10-28 18:21:32', '2025-10-28 18:21:32', NULL),
	(1745, 'YANAHUAYA', '200810', 22, 174, '2025-10-28 18:21:32', '2025-10-28 18:21:32', NULL),
	(1746, 'ALTO INAMBARI', '200811', 22, 174, '2025-10-28 18:21:33', '2025-10-28 18:21:33', NULL),
	(1747, 'SAN PEDRO DE PUTINA ', '200812', 22, 174, '2025-10-28 18:21:33', '2025-10-28 18:21:33', NULL),
	(1748, 'YUNGUYO', '201001', 22, 175, '2025-10-28 18:21:34', '2025-10-28 18:21:34', NULL),
	(1749, 'ANAPIA', '201003', 22, 175, '2025-10-28 18:21:35', '2025-10-28 18:21:35', NULL),
	(1750, 'COPANI', '201004', 22, 175, '2025-10-28 18:21:35', '2025-10-28 18:21:35', NULL),
	(1751, 'CUTURAPI', '201005', 22, 175, '2025-10-28 18:21:36', '2025-10-28 18:21:36', NULL),
	(1752, 'OLLARAYA', '201006', 22, 175, '2025-10-28 18:21:36', '2025-10-28 18:21:36', NULL),
	(1753, 'TINICACHI', '201007', 22, 175, '2025-10-28 18:21:36', '2025-10-28 18:21:36', NULL),
	(1754, 'UNICACHI', '201002', 22, 175, '2025-10-28 18:21:37', '2025-10-28 18:21:37', NULL),
	(1755, 'MOYOBAMBA', '210101', 23, 176, '2025-10-28 18:21:38', '2025-10-28 18:21:38', NULL),
	(1756, 'CALZADA', '210102', 23, 176, '2025-10-28 18:21:39', '2025-10-28 18:21:39', NULL),
	(1757, 'HABANA', '210103', 23, 176, '2025-10-28 18:21:39', '2025-10-28 18:21:39', NULL),
	(1758, 'JEPELACIO', '210104', 23, 176, '2025-10-28 18:21:40', '2025-10-28 18:21:40', NULL),
	(1759, 'SORITOR', '210105', 23, 176, '2025-10-28 18:21:40', '2025-10-28 18:21:40', NULL),
	(1760, 'YANTALO', '210106', 23, 176, '2025-10-28 18:21:41', '2025-10-28 18:21:41', NULL),
	(1761, 'BELLAVISTA', '210701', 23, 177, '2025-10-28 18:21:42', '2025-10-28 18:21:42', NULL),
	(1762, 'ALTO BIAVO', '210704', 23, 177, '2025-10-28 18:21:42', '2025-10-28 18:21:42', NULL),
	(1763, 'BAJO BIAVO', '210706', 23, 177, '2025-10-28 18:21:42', '2025-10-28 18:21:42', NULL),
	(1764, 'HUALLAGA', '210705', 23, 177, '2025-10-28 18:21:43', '2025-10-28 18:21:43', NULL),
	(1765, 'SAN PABLO', '210703', 23, 177, '2025-10-28 18:21:43', '2025-10-28 18:21:43', NULL),
	(1766, 'SAN RAFAEL', '210702', 23, 177, '2025-10-28 18:21:44', '2025-10-28 18:21:44', NULL),
	(1767, 'SAN JOSE DE SISA', '211001', 23, 178, '2025-10-28 18:21:45', '2025-10-28 18:21:45', NULL),
	(1768, 'AGUA BLANCA', '211002', 23, 178, '2025-10-28 18:21:45', '2025-10-28 18:21:45', NULL),
	(1769, 'SAN MARTIN', '211004', 23, 178, '2025-10-28 18:21:46', '2025-10-28 18:21:46', NULL),
	(1770, 'SANTA ROSA', '211005', 23, 178, '2025-10-28 18:21:46', '2025-10-28 18:21:46', NULL),
	(1771, 'SHATOJA', '211003', 23, 178, '2025-10-28 18:21:46', '2025-10-28 18:21:46', NULL),
	(1772, 'SAPOSOA', '210201', 23, 179, '2025-10-28 18:21:47', '2025-10-28 18:21:47', NULL),
	(1773, 'ALTO SAPOSOA', '210205', 23, 179, '2025-10-28 18:21:49', '2025-10-28 18:21:49', NULL),
	(1774, 'EL ESLABON', '210206', 23, 179, '2025-10-28 18:21:50', '2025-10-28 18:21:50', NULL),
	(1775, 'PISCOYACU', '210202', 23, 179, '2025-10-28 18:21:50', '2025-10-28 18:21:50', NULL),
	(1776, 'SACANCHE', '210203', 23, 179, '2025-10-28 18:21:51', '2025-10-28 18:21:51', NULL),
	(1777, 'TINGO DE SAPOSOA', '210204', 23, 179, '2025-10-28 18:21:51', '2025-10-28 18:21:51', NULL),
	(1778, 'LAMAS', '210301', 23, 180, '2025-10-28 18:21:52', '2025-10-28 18:21:52', NULL),
	(1779, 'ALONSO DE ALVARADO', '210315', 23, 180, '2025-10-28 18:21:52', '2025-10-28 18:21:52', NULL),
	(1780, 'BARRANQUITA', '210303', 23, 180, '2025-10-28 18:21:53', '2025-10-28 18:21:53', NULL),
	(1781, 'CAYNARACHI', '210304', 23, 180, '2025-10-28 18:21:53', '2025-10-28 18:21:53', NULL),
	(1782, 'CUÑUMBUQUI', '210305', 23, 180, '2025-10-28 18:21:54', '2025-10-28 18:21:54', NULL),
	(1783, 'PINTO RECODO', '210306', 23, 180, '2025-10-28 18:21:54', '2025-10-28 18:21:54', NULL),
	(1784, 'RUMISAPA', '210307', 23, 180, '2025-10-28 18:21:55', '2025-10-28 18:21:55', NULL),
	(1785, 'SAN ROQUE DE CUMBAZA', '210316', 23, 180, '2025-10-28 18:21:55', '2025-10-28 18:21:55', NULL),
	(1786, 'SHANAO', '210311', 23, 180, '2025-10-28 18:21:55', '2025-10-28 18:21:55', NULL),
	(1787, 'TABALOSOS', '210313', 23, 180, '2025-10-28 18:21:56', '2025-10-28 18:21:56', NULL),
	(1788, 'ZAPATERO', '210314', 23, 180, '2025-10-28 18:21:56', '2025-10-28 18:21:56', NULL),
	(1789, 'JUANJUI', '210401', 23, 181, '2025-10-28 18:21:57', '2025-10-28 18:21:57', NULL),
	(1790, 'CAMPANILLA', '210402', 23, 181, '2025-10-28 18:21:58', '2025-10-28 18:21:58', NULL),
	(1791, 'HUICUNGO', '210403', 23, 181, '2025-10-28 18:21:58', '2025-10-28 18:21:58', NULL),
	(1792, 'PACHIZA', '210404', 23, 181, '2025-10-28 18:21:58', '2025-10-28 18:21:58', NULL),
	(1793, 'PAJARILLO', '210405', 23, 181, '2025-10-28 18:21:59', '2025-10-28 18:21:59', NULL),
	(1794, 'PICOTA', '210901', 23, 182, '2025-10-28 18:22:00', '2025-10-28 18:22:00', NULL),
	(1795, 'BUENOS AIRES', '210902', 23, 182, '2025-10-28 18:22:00', '2025-10-28 18:22:00', NULL),
	(1796, 'CASPISAPA', '210903', 23, 182, '2025-10-28 18:22:01', '2025-10-28 18:22:01', NULL),
	(1797, 'PILLUANA', '210904', 23, 182, '2025-10-28 18:22:01', '2025-10-28 18:22:01', NULL),
	(1798, 'PUCACACA', '210905', 23, 182, '2025-10-28 18:22:02', '2025-10-28 18:22:02', NULL),
	(1799, 'SAN CRISTOBAL', '210906', 23, 182, '2025-10-28 18:22:02', '2025-10-28 18:22:02', NULL),
	(1800, 'SAN HILARION', '210907', 23, 182, '2025-10-28 18:22:02', '2025-10-28 18:22:02', NULL),
	(1801, 'SHAMBOYACU', '210910', 23, 182, '2025-10-28 18:22:03', '2025-10-28 18:22:03', NULL),
	(1802, 'TINGO DE PONASA', '210908', 23, 182, '2025-10-28 18:22:03', '2025-10-28 18:22:03', NULL),
	(1803, 'TRES UNIDOS', '210909', 23, 182, '2025-10-28 18:22:04', '2025-10-28 18:22:04', NULL),
	(1804, 'RIOJA', '210501', 23, 183, '2025-10-28 18:22:04', '2025-10-28 18:22:04', NULL),
	(1805, 'AWAJUN', '210509', 23, 183, '2025-10-28 18:22:05', '2025-10-28 18:22:05', NULL),
	(1806, 'ELIAS SOPLIN VARGAS', '210506', 23, 183, '2025-10-28 18:22:05', '2025-10-28 18:22:05', NULL),
	(1807, 'NUEVA CAJAMARCA', '210505', 23, 183, '2025-10-28 18:22:06', '2025-10-28 18:22:06', NULL),
	(1808, 'PARDO MIGUEL', '210508', 23, 183, '2025-10-28 18:22:06', '2025-10-28 18:22:06', NULL),
	(1809, 'POSIC', '210502', 23, 183, '2025-10-28 18:22:07', '2025-10-28 18:22:07', NULL),
	(1810, 'SAN FERNANDO', '210507', 23, 183, '2025-10-28 18:22:07', '2025-10-28 18:22:07', NULL),
	(1811, 'YORONGOS', '210503', 23, 183, '2025-10-28 18:22:07', '2025-10-28 18:22:07', NULL),
	(1812, 'YURACYACU', '210504', 23, 183, '2025-10-28 18:22:08', '2025-10-28 18:22:08', NULL),
	(1813, 'TARAPOTO', '210601', 23, 184, '2025-10-28 18:22:09', '2025-10-28 18:22:09', NULL),
	(1814, 'ALBERTO LEVEAU', '210602', 23, 184, '2025-10-28 18:22:09', '2025-10-28 18:22:09', NULL),
	(1815, 'CACATACHI', '210604', 23, 184, '2025-10-28 18:22:09', '2025-10-28 18:22:09', NULL),
	(1816, 'CHAZUTA', '210606', 23, 184, '2025-10-28 18:22:10', '2025-10-28 18:22:10', NULL),
	(1817, 'CHIPURANA', '210607', 23, 184, '2025-10-28 18:22:11', '2025-10-28 18:22:11', NULL),
	(1818, 'EL PORVENIR', '210608', 23, 184, '2025-10-28 18:22:11', '2025-10-28 18:22:11', NULL),
	(1819, 'HUIMBAYOC', '210609', 23, 184, '2025-10-28 18:22:12', '2025-10-28 18:22:12', NULL),
	(1820, 'JUAN GUERRA', '210610', 23, 184, '2025-10-28 18:22:12', '2025-10-28 18:22:12', NULL),
	(1821, 'LA BANDA DE SHILCAYO', '210621', 23, 184, '2025-10-28 18:22:13', '2025-10-28 18:22:13', NULL),
	(1822, 'MORALES', '210611', 23, 184, '2025-10-28 18:22:14', '2025-10-28 18:22:14', NULL),
	(1823, 'PAPAPLAYA', '210612', 23, 184, '2025-10-28 18:22:14', '2025-10-28 18:22:14', NULL),
	(1824, 'SAN ANTONIO', '210616', 23, 184, '2025-10-28 18:22:15', '2025-10-28 18:22:15', NULL),
	(1825, 'SAUCE', '210619', 23, 184, '2025-10-28 18:22:15', '2025-10-28 18:22:15', NULL),
	(1826, 'SHAPAJA', '210620', 23, 184, '2025-10-28 18:22:15', '2025-10-28 18:22:15', NULL),
	(1827, 'TOCACHE', '210801', 23, 185, '2025-10-28 18:22:16', '2025-10-28 18:22:16', NULL),
	(1828, 'NUEVO PROGRESO', '210802', 23, 185, '2025-10-28 18:22:17', '2025-10-28 18:22:17', NULL),
	(1829, 'POLVORA', '210803', 23, 185, '2025-10-28 18:22:17', '2025-10-28 18:22:17', NULL),
	(1830, 'SHUNTE', '210804', 23, 185, '2025-10-28 18:22:18', '2025-10-28 18:22:18', NULL),
	(1831, 'UCHIZA', '210805', 23, 185, '2025-10-28 18:22:18', '2025-10-28 18:22:18', NULL),
	(1832, 'SANTA LUCIA', '210806', 23, 185, '2025-10-28 18:22:18', '2025-10-28 18:22:18', NULL),
	(1833, 'TACNA', '220101', 24, 186, '2025-10-28 18:22:20', '2025-10-28 18:22:20', NULL),
	(1834, 'ALTO DE LA ALIANZA', '220111', 24, 186, '2025-10-28 18:22:20', '2025-10-28 18:22:20', NULL),
	(1835, 'CALANA', '220102', 24, 186, '2025-10-28 18:22:21', '2025-10-28 18:22:21', NULL),
	(1836, 'CIUDAD NUEVA', '220112', 24, 186, '2025-10-28 18:22:21', '2025-10-28 18:22:21', NULL),
	(1837, 'INCLAN', '220104', 24, 186, '2025-10-28 18:22:21', '2025-10-28 18:22:21', NULL),
	(1838, 'PACHIA', '220107', 24, 186, '2025-10-28 18:22:22', '2025-10-28 18:22:22', NULL),
	(1839, 'PALCA', '220108', 24, 186, '2025-10-28 18:22:22', '2025-10-28 18:22:22', NULL),
	(1840, 'POCOLLAY', '220109', 24, 186, '2025-10-28 18:22:23', '2025-10-28 18:22:23', NULL),
	(1841, 'SAMA', '220110', 24, 186, '2025-10-28 18:22:23', '2025-10-28 18:22:23', NULL),
	(1842, 'CORONEL GREGORIO ALB', '220113', 24, 186, '2025-10-28 18:22:24', '2025-10-28 18:22:24', NULL),
	(1843, 'LA YARADA LOS PALOS', '220114', 24, 186, '2025-10-28 18:22:24', '2025-10-28 18:22:24', NULL),
	(1844, 'CANDARAVE', '220401', 24, 187, '2025-10-28 18:22:25', '2025-10-28 18:22:25', NULL),
	(1845, 'CAIRANI', '220402', 24, 187, '2025-10-28 18:22:25', '2025-10-28 18:22:25', NULL),
	(1846, 'CAMILACA', '220406', 24, 187, '2025-10-28 18:22:26', '2025-10-28 18:22:26', NULL),
	(1847, 'CURIBAYA', '220403', 24, 187, '2025-10-28 18:22:26', '2025-10-28 18:22:26', NULL),
	(1848, 'HUANUARA', '220404', 24, 187, '2025-10-28 18:22:27', '2025-10-28 18:22:27', NULL),
	(1849, 'QUILAHUANI', '220405', 24, 187, '2025-10-28 18:22:27', '2025-10-28 18:22:27', NULL),
	(1850, 'LOCUMBA', '220301', 24, 188, '2025-10-28 18:22:28', '2025-10-28 18:22:28', NULL),
	(1851, 'ILABAYA', '220303', 24, 188, '2025-10-28 18:22:28', '2025-10-28 18:22:28', NULL),
	(1852, 'ITE', '220302', 24, 188, '2025-10-28 18:22:29', '2025-10-28 18:22:29', NULL),
	(1853, 'TARATA', '220201', 24, 189, '2025-10-28 18:22:30', '2025-10-28 18:22:30', NULL),
	(1854, 'HEROES ALBARRACIN CH', '220205', 24, 189, '2025-10-28 18:22:30', '2025-10-28 18:22:30', NULL),
	(1855, 'ESTIQUE', '220206', 24, 189, '2025-10-28 18:22:30', '2025-10-28 18:22:30', NULL),
	(1856, 'ESTIQUE-PAMPA', '220207', 24, 189, '2025-10-28 18:22:31', '2025-10-28 18:22:31', NULL),
	(1857, 'SITAJARA', '220210', 24, 189, '2025-10-28 18:22:31', '2025-10-28 18:22:31', NULL),
	(1858, 'SUSAPAYA', '220211', 24, 189, '2025-10-28 18:22:32', '2025-10-28 18:22:32', NULL),
	(1859, 'TARUCACHI', '220212', 24, 189, '2025-10-28 18:22:33', '2025-10-28 18:22:33', NULL),
	(1860, 'TICACO', '220213', 24, 189, '2025-10-28 18:22:33', '2025-10-28 18:22:33', NULL),
	(1861, 'TUMBES', '230101', 25, 190, '2025-10-28 18:22:35', '2025-10-28 18:22:35', NULL),
	(1862, 'CORRALES', '230102', 25, 190, '2025-10-28 18:22:35', '2025-10-28 18:22:35', NULL),
	(1863, 'LA CRUZ', '230103', 25, 190, '2025-10-28 18:22:36', '2025-10-28 18:22:36', NULL),
	(1864, 'PAMPAS DE HOSPITAL', '230104', 25, 190, '2025-10-28 18:22:36', '2025-10-28 18:22:36', NULL),
	(1865, 'SAN JACINTO', '230105', 25, 190, '2025-10-28 18:22:36', '2025-10-28 18:22:36', NULL),
	(1866, 'SAN JUAN DE LA VIRGE', '230106', 25, 190, '2025-10-28 18:22:37', '2025-10-28 18:22:37', NULL),
	(1867, 'ZORRITOS', '230201', 25, 191, '2025-10-28 18:22:38', '2025-10-28 18:22:38', NULL),
	(1868, 'CASITAS', '230202', 25, 191, '2025-10-28 18:22:38', '2025-10-28 18:22:38', NULL),
	(1869, 'CANOAS DE PUNTA SAL', '230203', 25, 191, '2025-10-28 18:22:39', '2025-10-28 18:22:39', NULL),
	(1870, 'ZARUMILLA', '230301', 25, 192, '2025-10-28 18:22:40', '2025-10-28 18:22:40', NULL),
	(1871, 'AGUAS VERDES', '230304', 25, 192, '2025-10-28 18:22:40', '2025-10-28 18:22:40', NULL),
	(1872, 'MATAPALO', '230302', 25, 192, '2025-10-28 18:22:40', '2025-10-28 18:22:40', NULL),
	(1873, 'PAPAYAL', '230303', 25, 192, '2025-10-28 18:22:41', '2025-10-28 18:22:41', NULL),
	(1874, 'CALLERIA', '250101', 26, 193, '2025-10-28 18:22:42', '2025-10-28 18:22:42', NULL),
	(1875, 'CAMPOVERDE', '250104', 26, 193, '2025-10-28 18:22:43', '2025-10-28 18:22:43', NULL),
	(1876, 'IPARIA', '250105', 26, 193, '2025-10-28 18:22:43', '2025-10-28 18:22:43', NULL),
	(1877, 'MASISEA', '250103', 26, 193, '2025-10-28 18:22:44', '2025-10-28 18:22:44', NULL),
	(1878, 'YARINACOCHA', '250102', 26, 193, '2025-10-28 18:22:44', '2025-10-28 18:22:44', NULL),
	(1879, 'NUEVA REQUENA', '250106', 26, 193, '2025-10-28 18:22:44', '2025-10-28 18:22:44', NULL),
	(1880, 'MANANTAY', '250107', 26, 193, '2025-10-28 18:22:45', '2025-10-28 18:22:45', NULL),
	(1881, 'RAYMONDI', '250301', 26, 194, '2025-10-28 18:22:46', '2025-10-28 18:22:46', NULL),
	(1882, 'SEPAHUA', '250304', 26, 194, '2025-10-28 18:22:46', '2025-10-28 18:22:46', NULL),
	(1883, 'TAHUANIA', '250302', 26, 194, '2025-10-28 18:22:47', '2025-10-28 18:22:47', NULL),
	(1884, 'YURUA', '250303', 26, 194, '2025-10-28 18:22:47', '2025-10-28 18:22:47', NULL),
	(1885, 'PADRE ABAD', '250201', 26, 195, '2025-10-28 18:22:48', '2025-10-28 18:22:48', NULL),
	(1886, 'IRAZOLA', '250202', 26, 195, '2025-10-28 18:22:49', '2025-10-28 18:22:49', NULL),
	(1887, 'CURIMANA', '250203', 26, 195, '2025-10-28 18:22:49', '2025-10-28 18:22:49', NULL),
	(1888, 'NESHUYA', '250204', 26, 195, '2025-10-28 18:22:50', '2025-10-28 18:22:50', NULL),
	(1889, 'ALEXANDER VON HUMBOL', '250205', 26, 195, '2025-10-28 18:22:50', '2025-10-28 18:22:50', NULL),
	(1890, 'HUIPOCA', '250207', 26, 195, '2025-10-28 18:22:51', '2025-10-28 18:22:51', NULL),
	(1891, 'BOQUERON', '250206', 26, 195, '2025-10-28 18:22:51', '2025-10-28 18:22:51', NULL),
	(1892, 'PURUS', '250401', 26, 196, '2025-10-28 18:22:52', '2025-10-28 18:22:52', NULL);
/*!40000 ALTER TABLE "districts" ENABLE KEYS */;

-- Dumping structure for table public.sectors
CREATE TABLE IF NOT EXISTS "sectors" (
	"id" SERIAL NOT NULL,
	"name" VARCHAR(255) NOT NULL,
	"area" NUMERIC(10,2) NULL DEFAULT NULL,
	"description" TEXT NULL DEFAULT NULL,
	"district_id" BIGINT NOT NULL,
	"created_at" TIMESTAMP NULL DEFAULT NULL,
	"updated_at" TIMESTAMP NULL DEFAULT NULL,
	"deleted_at" TIMESTAMP NULL DEFAULT NULL,
	PRIMARY KEY ("id"),
	CONSTRAINT "sectors_district_id_foreign" FOREIGN KEY ("district_id") REFERENCES "districts" ("id") ON UPDATE NO ACTION ON DELETE CASCADE
);

-- Dumping data for table public.sectors: -1 rows
/*!40000 ALTER TABLE "sectors" DISABLE KEYS */;
INSERT INTO "sectors" ("id", "name", "area", "description", "district_id", "created_at", "updated_at", "deleted_at") VALUES
	(1, 'Sector1', NULL, NULL, 1259, NULL, NULL, NULL),
	(2, 'Sector2', NULL, NULL, 1259, NULL, NULL, NULL),
	(3, 'Sector3', NULL, NULL, 1259, NULL, NULL, NULL);
/*!40000 ALTER TABLE "sectors" ENABLE KEYS */;

-- Dumping structure for table public.zones
CREATE TABLE IF NOT EXISTS "zones" (
	"id" SERIAL NOT NULL,
	"name" VARCHAR(255) NOT NULL,
	"area" NUMERIC(10,2) NULL DEFAULT NULL,
	"description" TEXT NULL DEFAULT NULL,
	"district_id" BIGINT NULL DEFAULT NULL,
	"sector_id" BIGINT NULL DEFAULT NULL,
	"created_at" TIMESTAMP NULL DEFAULT NULL,
	"updated_at" TIMESTAMP NULL DEFAULT NULL,
	"deleted_at" TIMESTAMP NULL DEFAULT NULL,
	PRIMARY KEY ("id"),
	CONSTRAINT "zones_district_id_foreign" FOREIGN KEY ("district_id") REFERENCES "districts" ("id") ON UPDATE NO ACTION ON DELETE CASCADE,
	CONSTRAINT "zones_sector_id_foreign" FOREIGN KEY ("sector_id") REFERENCES "sectors" ("id") ON UPDATE NO ACTION ON DELETE CASCADE
);

-- Dumping data for table public.zones: -1 rows
/*!40000 ALTER TABLE "zones" DISABLE KEYS */;
INSERT INTO "zones" ("id", "name", "area", "description", "district_id", "sector_id", "created_at", "updated_at", "deleted_at") VALUES
	(1, 'Zona N°01', 1260656.00, NULL, 1259, 1, '2025-10-27 15:49:21', '2025-10-27 15:49:21', NULL),
	(2, 'Zona N°02', 534800.00, NULL, 1259, 2, '2025-10-27 15:50:20', '2025-10-27 15:57:17', NULL),
	(3, 'Zona N°03', 459559.00, NULL, 1259, 3, '2025-10-27 16:20:20', '2025-10-27 16:21:18', NULL);
/*!40000 ALTER TABLE "zones" ENABLE KEYS */;

-- Dumping data for table public.sessions: 3 rows
/*!40000 ALTER TABLE "sessions" DISABLE KEYS */;
INSERT INTO "sessions" ("id", "user_id", "ip_address", "user_agent", "payload", "last_activity") VALUES
	('Is8dzYJ0lS1Oym7KToxEm5l0mOff9Oc8szZqMhpy', 1, '127.0.0.1', 'Mozilla/5.0 (Windows NT 10.0; Win64; x64) AppleWebKit/537.36 (KHTML, like Gecko) Chrome/138.0.0.0 Safari/537.36 OPR/122.0.0.0', 'YTo1OntzOjY6Il90b2tlbiI7czo0MDoiU0c0b1RndWZXN3dGcDBzWG5hT1laTHhZQ3BJS0w0amRLMjFnMzRuQiI7czozOiJ1cmwiO2E6MDp7fXM6OToiX3ByZXZpb3VzIjthOjE6e3M6MzoidXJsIjtzOjMzOiJodHRwOi8vMTI3LjAuMC4xOjgwMDAvc2NoZWR1bGluZ3MiO31zOjY6Il9mbGFzaCI7YToyOntzOjM6Im9sZCI7YTowOnt9czozOiJuZXciO2E6MDp7fX1zOjUwOiJsb2dpbl93ZWJfNTliYTM2YWRkYzJiMmY5NDAxNTgwZjAxNGM3ZjU4ZWE0ZTMwOTg5ZCI7aToxO30=', 1762298035),
	('DQzg8OD1JEfdXEJR42hbMna4TlKMxE3gj8QILY2W', NULL, '127.0.0.1', 'Mozilla/5.0 (Windows NT 10.0; Win64; x64) AppleWebKit/537.36 (KHTML, like Gecko) Chrome/138.0.0.0 Safari/537.36 OPR/122.0.0.0', 'YTo0OntzOjY6Il90b2tlbiI7czo0MDoiZ092eGhTcmlOT3J0T25jYlBSWXllUDBrcm4wQk43NktUS1RINm5nQSI7czozOiJ1cmwiO2E6MTp7czo4OiJpbnRlbmRlZCI7czoyMToiaHR0cDovLzEyNy4wLjAuMTo4MDAwIjt9czo5OiJfcHJldmlvdXMiO2E6MTp7czozOiJ1cmwiO3M6Mjc6Imh0dHA6Ly8xMjcuMC4wLjE6ODAwMC9sb2dpbiI7fXM6NjoiX2ZsYXNoIjthOjI6e3M6Mzoib2xkIjthOjA6e31zOjM6Im5ldyI7YTowOnt9fX0=', 1762313618),
	('4vWvKX37JUZmSQgOcRkHrZ20ItUecXUITLDyXKGK', 1, '127.0.0.1', 'Mozilla/5.0 (Windows NT 10.0; Win64; x64) AppleWebKit/537.36 (KHTML, like Gecko) Chrome/138.0.0.0 Safari/537.36 OPR/122.0.0.0', 'YTo1OntzOjY6Il90b2tlbiI7czo0MDoiZkZnbjl1SVBkNURma3AwUDZBaTNFSW9DZkNBbmZsNDBib1NMcVNHRCI7czozOiJ1cmwiO2E6MDp7fXM6OToiX3ByZXZpb3VzIjthOjE6e3M6MzoidXJsIjtzOjQwOiJodHRwOi8vMTI3LjAuMC4xOjgwMDAvc2NoZWR1bGluZ3MvNi9lZGl0Ijt9czo2OiJfZmxhc2giO2E6Mjp7czozOiJvbGQiO2E6MDp7fXM6MzoibmV3IjthOjA6e319czo1MDoibG9naW5fd2ViXzU5YmEzNmFkZGMyYjJmOTQwMTU4MGYwMTRjN2Y1OGVhNGUzMDk4OWQiO2k6MTt9', 1762317072);
/*!40000 ALTER TABLE "sessions" ENABLE KEYS */;

-- Dumping structure for table public.users
CREATE TABLE IF NOT EXISTS "users" (
	"id" SERIAL NOT NULL,
	"username" VARCHAR(255) NOT NULL,
	"dni" VARCHAR(8) NOT NULL,
	"firstname" VARCHAR(255) NOT NULL,
	"lastname" VARCHAR(255) NOT NULL,
	"birthdate" DATE NULL DEFAULT NULL,
	"license" VARCHAR(255) NULL DEFAULT NULL,
	"address" VARCHAR(255) NULL DEFAULT NULL,
	"email" VARCHAR(255) NOT NULL,
	"email_verified_at" TIMESTAMP NULL DEFAULT NULL,
	"password" VARCHAR(255) NOT NULL,
	"two_factor_secret" TEXT NULL DEFAULT NULL,
	"two_factor_recovery_codes" TEXT NULL DEFAULT NULL,
	"two_factor_confirmed_at" TIMESTAMP NULL DEFAULT NULL,
	"remember_token" VARCHAR(100) NULL DEFAULT NULL,
	"current_team_id" BIGINT NULL DEFAULT NULL,
	"profile_photo_path" VARCHAR(255) NULL DEFAULT NULL,
	"usertype_id" BIGINT NOT NULL,
	"status" VARCHAR(255) NOT NULL DEFAULT 'ACTIVO',
	"created_at" TIMESTAMP NULL DEFAULT NULL,
	"updated_at" TIMESTAMP NULL DEFAULT NULL,
	"deleted_at" TIMESTAMP NULL DEFAULT NULL,
	"phone" VARCHAR(20) NULL DEFAULT NULL,
	"zone_id" BIGINT NULL DEFAULT NULL,
	PRIMARY KEY ("id"),
	CONSTRAINT "users_usertype_id_foreign" FOREIGN KEY ("usertype_id") REFERENCES "usertypes" ("id") ON UPDATE NO ACTION ON DELETE CASCADE,
	CONSTRAINT "users_zone_id_foreign" FOREIGN KEY ("zone_id") REFERENCES "zones" ("id") ON UPDATE NO ACTION ON DELETE SET NULL,
	CONSTRAINT "users_status_check" CHECK (((status)::text = ANY ((ARRAY['ACTIVO'::character varying, 'INACTIVO'::character varying])::text[])))
);

-- Dumping data for table public.users: 13 rows
/*!40000 ALTER TABLE "users" DISABLE KEYS */;
INSERT INTO "users" ("id", "username", "dni", "firstname", "lastname", "birthdate", "license", "address", "email", "email_verified_at", "password", "two_factor_secret", "two_factor_recovery_codes", "two_factor_confirmed_at", "remember_token", "current_team_id", "profile_photo_path", "usertype_id", "status", "created_at", "updated_at", "deleted_at", "phone", "zone_id") VALUES
	(2, 'frank', '77231754', 'Fran Anthony', 'Ocrospoma Ugaz', NULL, 'B2B', 'juda 252', 'frankocrospomaugaz@gmail.com', NULL, '$2y$12$Yltu1B1h7ABZOPPP5hc6YOMAtzF9j3dFz8m9PrLRxMEJpu6a97Ohe', NULL, NULL, NULL, NULL, NULL, NULL, 3, 'ACTIVO', '2025-10-24 07:53:18', '2025-10-24 20:24:39', NULL, NULL, NULL),
	(3, 'luisbm19', '87654321', 'Luis Mauricio', 'Burgos Medianero', NULL, 'A-IIIa', 'Las Orquideas 123', 'luisbm19@gmail.com', NULL, '$2y$12$CDMiHMLu/X/tJrLLfuhj1efYMzbOWWveBW.TBuVuH/Ok24Ssuuf6m', NULL, NULL, NULL, NULL, NULL, 'profiles/pnJBmt6kikJ82dk2G2ZnlL0n46tLnkqDgVaEdvem.png', 3, 'ACTIVO', '2025-10-24 22:05:59', '2025-10-24 22:08:52', NULL, '987567098', NULL),
	(5, 'Admin', '75376346', 'Geancarlos', 'Gil Fernández', '2002-12-19', 'B12345678', 'Av. Principal 123, Lima', 'admin@gmail.com', NULL, '$2y$12$8hsDU81wb7zSTKlotrbTY.0/HsNlMEaO6ShXwfNOsM9ozxUERtBhq', NULL, NULL, NULL, NULL, NULL, NULL, 3, 'ACTIVO', '2025-10-28 16:41:24', '2025-10-28 16:41:24', NULL, NULL, NULL),
	(6, 'jPerez', '12345678', 'Juan', 'Perez', '1990-05-15', 'L123456', 'Calle Falsa 123, Arequipa', 'juan.perez@example.com', NULL, '$2y$12$8hsDU81wb7zSTKlotrbTY.0/HsNlMEaO6ShXwfNOsM9ozxUERtBhq', NULL, NULL, NULL, NULL, NULL, NULL, 1, 'ACTIVO', '2025-10-28 16:41:24', '2025-10-28 16:41:24', NULL, NULL, NULL),
	(7, 'mGarcia', '87523654', 'Maria', 'Garcia', '1995-02-20', 'M987654', 'Av. Sol 456, Cusco', 'maria.garcia@example.com', NULL, '$2y$12$8hsDU81wb7zSTKlotrbTY.0/HsNlMEaO6ShXwfNOsM9ozxUERtBhq', NULL, NULL, NULL, NULL, NULL, NULL, 2, 'ACTIVO', '2025-10-28 16:41:24', '2025-10-28 16:41:24', NULL, NULL, NULL),
	(8, 'cRodriguez', '11223344', 'Carlos', 'Rodriguez', '1988-11-30', 'L123457', 'Jiron de la Union 789, Lima', 'carlos.r@example.com', NULL, '$2y$12$8hsDU81wb7zSTKlotrbTY.0/HsNlMEaO6ShXwfNOsM9ozxUERtBhq', NULL, NULL, NULL, NULL, NULL, NULL, 1, 'ACTIVO', '2025-10-28 16:41:24', '2025-10-28 16:41:24', NULL, NULL, NULL),
	(9, 'aLopez', '44556677', 'Ana', 'Lopez', '2000-01-10', 'A112233', 'Calle Grau 321, Trujillo', 'ana.lopez@example.com', NULL, '$2y$12$8hsDU81wb7zSTKlotrbTY.0/HsNlMEaO6ShXwfNOsM9ozxUERtBhq', NULL, NULL, NULL, NULL, NULL, NULL, 2, 'ACTIVO', '2025-10-28 16:41:24', '2025-10-28 16:41:24', NULL, NULL, NULL),
	(10, 'lMartinez', '99887766', 'Luis', 'Martinez', '1992-07-25', 'A112215', 'Av. Ejercito 555, Piura', 'luis.m@example.com', NULL, '$2y$12$8hsDU81wb7zSTKlotrbTY.0/HsNlMEaO6ShXwfNOsM9ozxUERtBhq', NULL, NULL, NULL, NULL, NULL, NULL, 1, 'ACTIVO', '2025-10-28 16:41:24', '2025-10-28 16:41:24', NULL, NULL, NULL),
	(11, 'sSanchez', '66778899', 'Sofia', 'Sanchez', '1998-09-05', 'S445566', 'Calle Real 101, Huancayo', 'sofia.s@example.com', NULL, '$2y$12$8hsDU81wb7zSTKlotrbTY.0/HsNlMEaO6ShXwfNOsM9ozxUERtBhq', NULL, NULL, NULL, NULL, NULL, NULL, 2, 'ACTIVO', '2025-10-28 16:41:24', '2025-10-28 16:41:24', NULL, NULL, NULL),
	(12, 'dGomez', '22334455', 'David', 'Gomez', '1985-03-12', 'D778899', 'Av. Pardo 202, Iquitos', 'david.gomez@example.com', NULL, '$2y$12$8hsDU81wb7zSTKlotrbTY.0/HsNlMEaO6ShXwfNOsM9ozxUERtBhq', NULL, NULL, NULL, NULL, NULL, NULL, 1, 'ACTIVO', '2025-10-28 16:41:24', '2025-10-28 16:41:24', NULL, NULL, NULL),
	(13, 'vTorres', '77665544', 'Valeria', 'Torres', '1993-12-01', 'D778843', 'Plaza de Armas 1, Cajamarca', 'valeria.t@example.com', NULL, '$2y$12$8hsDU81wb7zSTKlotrbTY.0/HsNlMEaO6ShXwfNOsM9ozxUERtBhq', NULL, NULL, NULL, NULL, NULL, NULL, 2, 'ACTIVO', '2025-10-28 16:41:24', '2025-10-28 16:41:24', NULL, NULL, NULL),
	(14, 'fRamos', '33445566', 'Fernando', 'Ramos', '1997-08-18', 'F998877', 'Calle Mercaderes 303, Arequipa', 'fernando.ramos@example.com', NULL, '$2y$12$8hsDU81wb7zSTKlotrbTY.0/HsNlMEaO6ShXwfNOsM9ozxUERtBhq', NULL, NULL, NULL, NULL, NULL, NULL, 1, 'ACTIVO', '2025-10-28 16:41:24', '2025-10-28 16:41:24', NULL, NULL, NULL),
	(1, 'atest2', '70314454', 'William', 'Salazar', '2000-12-26', 'A1', 'El polo 756', 'admin@example.com', NULL, '$2y$12$sXsJGYkMAIdcssydVob6fulfF9tn48sWD5C5Wh2bGVnneE7gbO66C', NULL, NULL, NULL, 'OgIBhXdDM4nCLxkFSItsopuzXlTUUOIFSB45BAViBkvYto6SQ09VGZc0zdHH', NULL, NULL, 3, 'ACTIVO', '2025-10-23 04:44:15', '2025-10-24 03:56:32', NULL, NULL, NULL);
/*!40000 ALTER TABLE "users" ENABLE KEYS */;


-- Dumping structure for table public.attendances
CREATE TABLE IF NOT EXISTS "attendances" (
	"id" SERIAL NOT NULL,
	"user_id" BIGINT NOT NULL,
	"date" DATE NOT NULL,
	"check_in" TIME NULL DEFAULT NULL,
	"check_out" TIME NULL DEFAULT NULL,
	"dni_key" VARCHAR(255) NULL DEFAULT NULL,
	"status" VARCHAR(255) NOT NULL DEFAULT 'PRESENTE',
	"created_at" TIMESTAMP NULL DEFAULT NULL,
	"updated_at" TIMESTAMP NULL DEFAULT NULL,
	"deleted_at" TIMESTAMP NULL DEFAULT NULL,
	PRIMARY KEY ("id"),

	CONSTRAINT "attendances_user_id_foreign" FOREIGN KEY ("user_id") REFERENCES "users" ("id") ON UPDATE NO ACTION ON DELETE CASCADE,
	CONSTRAINT "attendances_status_check" CHECK (((status)::text = ANY ((ARRAY['PRESENTE'::character varying, 'AUSENTE'::character varying, 'TARDANZA'::character varying])::text[])))
);

-- Dumping data for table public.attendances: -1 rows
/*!40000 ALTER TABLE "attendances" DISABLE KEYS */;
/*!40000 ALTER TABLE "attendances" ENABLE KEYS */;

-- Dumping structure for table public.audits
CREATE TABLE IF NOT EXISTS "audits" (
	"id" SERIAL NOT NULL,
	"auditable_type" VARCHAR(255) NOT NULL,
	"auditable_id" BIGINT NOT NULL,
	"campo_modificado" VARCHAR(150) NOT NULL,
	"valor_anterior" TEXT NULL DEFAULT NULL,
	"valor_nuevo" TEXT NULL DEFAULT NULL,
	"user_name" VARCHAR(100) NULL DEFAULT NULL,
	"nota_adicional" TEXT NULL DEFAULT NULL,
	"created_at" TIMESTAMP NULL DEFAULT NULL,
	"updated_at" TIMESTAMP NULL DEFAULT NULL,
	PRIMARY KEY ("id")
);

-- Dumping data for table public.audits: -1 rows
/*!40000 ALTER TABLE "audits" DISABLE KEYS */;
/*!40000 ALTER TABLE "audits" ENABLE KEYS */;
-- Dumping structure for table public.brands
CREATE TABLE IF NOT EXISTS "brands" (
	"id" SERIAL NOT NULL,
	"name" VARCHAR(255) NOT NULL,
	"description" TEXT NULL DEFAULT NULL,
	"logo" VARCHAR(255) NULL DEFAULT NULL,
	"created_at" TIMESTAMP NULL DEFAULT NULL,
	"updated_at" TIMESTAMP NULL DEFAULT NULL,
	"deleted_at" TIMESTAMP NULL DEFAULT NULL,
	PRIMARY KEY ("id")
);

-- Dumping data for table public.brands: -1 rows
/*!40000 ALTER TABLE "brands" DISABLE KEYS */;
INSERT INTO "brands" ("id", "name", "description", "logo", "created_at", "updated_at", "deleted_at") VALUES
	(1, 'Toyotas', '-s', 'brand-logos/JxGAbYkUPZKq45LpCr48o4fNbubGLtgu9qHPsJMJ.png', '2025-10-25 22:39:10', '2025-10-26 05:00:25', NULL),
	(2, 'Hyundai', 'si', 'brand-logos/gGxj1Y0EoG6MH3O3EBhiTYJyK12G15EjLGiHKs7G.png', '2025-10-26 05:01:08', '2025-10-26 05:01:21', NULL),
	(3, 'Volkswagen', 'Marca', NULL, '2025-10-28 17:17:13', '2025-10-28 17:17:13', NULL),
	(4, 'Heil', 'Marca camiones', NULL, '2025-10-28 17:18:18', '2025-10-28 17:18:18', NULL);
/*!40000 ALTER TABLE "brands" ENABLE KEYS */;

-- Dumping structure for table public.brandmodels
CREATE TABLE IF NOT EXISTS "brandmodels" (
	"id" SERIAL NOT NULL,
	"name" VARCHAR(255) NOT NULL,
	"code" VARCHAR(255) NOT NULL,
	"description" TEXT NULL DEFAULT NULL,
	"brand_id" BIGINT NOT NULL,
	"created_at" TIMESTAMP NULL DEFAULT NULL,
	"updated_at" TIMESTAMP NULL DEFAULT NULL,
	"deleted_at" TIMESTAMP NULL DEFAULT NULL,
	PRIMARY KEY ("id"),
	CONSTRAINT "brandmodels_brand_id_foreign" FOREIGN KEY ("brand_id") REFERENCES "brands" ("id") ON UPDATE NO ACTION ON DELETE CASCADE
);

-- Dumping data for table public.brandmodels: -1 rows
/*!40000 ALTER TABLE "brandmodels" DISABLE KEYS */;
INSERT INTO "brandmodels" ("id", "name", "code", "description", "brand_id", "created_at", "updated_at", "deleted_at") VALUES
	(1, 'Corollaz', '1234', 'xyzabv', 1, '2025-10-26 03:41:16', '2025-10-26 03:47:54', NULL),
	(2, 'DuraPack 5000', 'DUR12', 'Camion compactador', 4, '2025-10-28 17:19:28', '2025-10-28 17:19:28', NULL),
	(3, 'Half/Pack', 'HA123', 'Camión compactador', 4, '2025-10-28 17:19:53', '2025-10-28 17:19:53', NULL),
	(4, 'Constellation', 'COS123', 'Camión compactador', 3, '2025-10-28 17:20:18', '2025-10-28 17:20:18', NULL);
/*!40000 ALTER TABLE "brandmodels" ENABLE KEYS */;



-- Dumping structure for table public.cache
CREATE TABLE IF NOT EXISTS "cache" (
	"key" VARCHAR(255) NOT NULL,
	"value" TEXT NOT NULL,
	"expiration" INTEGER NOT NULL,
	PRIMARY KEY ("key")
);

-- Dumping data for table public.cache: -1 rows
/*!40000 ALTER TABLE "cache" DISABLE KEYS */;
/*!40000 ALTER TABLE "cache" ENABLE KEYS */;

-- Dumping structure for table public.cache_locks
CREATE TABLE IF NOT EXISTS "cache_locks" (
	"key" VARCHAR(255) NOT NULL,
	"owner" VARCHAR(255) NOT NULL,
	"expiration" INTEGER NOT NULL,
	PRIMARY KEY ("key")
);

-- Dumping structure for table public.schedules
CREATE TABLE IF NOT EXISTS "schedules" (
	"id" SERIAL NOT NULL,
	"name" VARCHAR(255) NOT NULL,
	"time_start" TIME NOT NULL,
	"time_end" TIME NOT NULL,
	"description" TEXT NULL DEFAULT NULL,
	"created_at" TIMESTAMP NULL DEFAULT NULL,
	"updated_at" TIMESTAMP NULL DEFAULT NULL,
	"deleted_at" TIMESTAMP NULL DEFAULT NULL,
	PRIMARY KEY ("id")
);

-- Dumping data for table public.schedules: -1 rows
/*!40000 ALTER TABLE "schedules" DISABLE KEYS */;
INSERT INTO "schedules" ("id", "name", "time_start", "time_end", "description", "created_at", "updated_at", "deleted_at") VALUES
	(2, 'Turno Mañana', '19:22:51', '19:22:52', NULL, NULL, NULL, NULL),
	(3, 'Turno Tarde', '19:22:51', '19:22:52', NULL, NULL, NULL, NULL);
/*!40000 ALTER TABLE "schedules" ENABLE KEYS */;
-- Dumping structure for table public.vehiclecolors
CREATE TABLE IF NOT EXISTS "vehiclecolors" (
	"id" SERIAL NOT NULL,
	"name" VARCHAR(255) NOT NULL,
	"rgb_code" VARCHAR(10) NOT NULL,
	"created_at" TIMESTAMP NULL DEFAULT NULL,
	"updated_at" TIMESTAMP NULL DEFAULT NULL,
	"deleted_at" TIMESTAMP NULL DEFAULT NULL,
	PRIMARY KEY ("id")
);

-- Dumping data for table public.vehiclecolors: -1 rows
/*!40000 ALTER TABLE "vehiclecolors" DISABLE KEYS */;
INSERT INTO "vehiclecolors" ("id", "name", "rgb_code", "created_at", "updated_at", "deleted_at") VALUES
	(1, 'rojo', '(1,1,1)', NULL, NULL, NULL);
/*!40000 ALTER TABLE "vehiclecolors" ENABLE KEYS */;


-- Dumping structure for table public.vehicletypes
CREATE TABLE IF NOT EXISTS "vehicletypes" (
	"id" SERIAL NOT NULL,
	"name" VARCHAR(255) NOT NULL,
	"description" TEXT NULL DEFAULT NULL,
	"created_at" TIMESTAMP NULL DEFAULT NULL,
	"updated_at" TIMESTAMP NULL DEFAULT NULL,
	"deleted_at" TIMESTAMP NULL DEFAULT NULL,
	PRIMARY KEY ("id")
);

-- Dumping data for table public.vehicletypes: -1 rows
/*!40000 ALTER TABLE "vehicletypes" DISABLE KEYS */;
INSERT INTO "vehicletypes" ("id", "name", "description", "created_at", "updated_at", "deleted_at") VALUES
	(1, 'Camión Compactador', 'Vehículo con sistema de compactación para residuos sólidos. Capacidad de 10-20 m³.', '2025-10-23 04:34:36', '2025-10-23 04:34:36', NULL),
	(2, 'Camión Baranda', 'Camión con barandas laterales para transporte de residuos voluminosos.', '2025-10-23 04:34:38', '2025-10-23 04:34:38', NULL),
	(3, 'Camioneta', 'Vehículo ligero para zonas de difícil acceso o recolección selectiva.', '2025-10-23 04:34:38', '2025-10-23 04:34:38', NULL),
	(4, 'Volquete', 'Camión con tolva basculante para descarga rápida de residuos.', '2025-10-23 04:34:38', '2025-10-23 04:34:38', NULL),
	(5, 'Triciclo Motorizado', 'Vehículo pequeño para recolección en zonas estrechas o residenciales.', '2025-10-23 04:34:38', '2025-10-23 04:34:38', NULL),
	(6, 'Camión Cisterna', 'Vehículo especializado para limpieza y lavado de áreas públicas.', '2025-10-23 04:34:39', '2025-10-23 04:34:39', NULL),
	(7, 'Camión Grúa', 'Vehículo equipado con grúa para recolección de contenedores grandes.', '2025-10-23 04:34:39', '2025-10-23 04:34:39', NULL),
	(8, 'Motocarro', 'Vehículo de tres ruedas para recolección domiciliaria en zonas pequeñas.', '2025-10-23 04:34:39', '2025-10-23 04:34:39', NULL);
/*!40000 ALTER TABLE "vehicletypes" ENABLE KEYS */;


-- Dumping data for table public.cache_locks: -1 rows
/*!40000 ALTER TABLE "cache_locks" DISABLE KEYS */;
/*!40000 ALTER TABLE "cache_locks" ENABLE KEYS */;
-- Dumping structure for table public.vehicles
CREATE TABLE IF NOT EXISTS "vehicles" (
	"id" SERIAL NOT NULL,
	"name" VARCHAR(255) NOT NULL,
	"code" VARCHAR(50) NOT NULL,
	"plate" VARCHAR(10) NOT NULL,
	"year" INTEGER NOT NULL,
	"occupant_capacity" INTEGER NOT NULL DEFAULT 0,
	"load_capacity" INTEGER NOT NULL DEFAULT 0,
	"description" TEXT NULL DEFAULT NULL,
	"status" VARCHAR(255) NOT NULL DEFAULT 'DISPONIBLE',
	"brand_id" BIGINT NOT NULL,
	"model_id" BIGINT NOT NULL,
	"type_id" BIGINT NOT NULL,
	"color_id" BIGINT NOT NULL,
	"created_at" TIMESTAMP NULL DEFAULT NULL,
	"updated_at" TIMESTAMP NULL DEFAULT NULL,
	"deleted_at" TIMESTAMP NULL DEFAULT NULL,
	"compaction_capacity" INTEGER NULL DEFAULT NULL,
	"fuel_capacity" INTEGER NULL DEFAULT NULL,
	PRIMARY KEY ("id"),
	CONSTRAINT "vehicles_brand_id_foreign" FOREIGN KEY ("brand_id") REFERENCES "brands" ("id") ON UPDATE NO ACTION ON DELETE CASCADE,
	CONSTRAINT "vehicles_color_id_foreign" FOREIGN KEY ("color_id") REFERENCES "vehiclecolors" ("id") ON UPDATE NO ACTION ON DELETE CASCADE,
	CONSTRAINT "vehicles_model_id_foreign" FOREIGN KEY ("model_id") REFERENCES "brandmodels" ("id") ON UPDATE NO ACTION ON DELETE CASCADE,
	CONSTRAINT "vehicles_type_id_foreign" FOREIGN KEY ("type_id") REFERENCES "vehicletypes" ("id") ON UPDATE NO ACTION ON DELETE CASCADE,
	CONSTRAINT "vehicles_status_check" CHECK (((status)::text = ANY ((ARRAY['DISPONIBLE'::character varying, 'OCUPADO'::character varying, 'MANTENIMIENTO'::character varying, 'INACTIVO'::character varying])::text[])))
);

-- Dumping data for table public.vehicles: -1 rows
/*!40000 ALTER TABLE "vehicles" DISABLE KEYS */;
INSERT INTO "vehicles" ("id", "name", "code", "plate", "year", "occupant_capacity", "load_capacity", "description", "status", "brand_id", "model_id", "type_id", "color_id", "created_at", "updated_at", "deleted_at", "compaction_capacity", "fuel_capacity") VALUES
	(5, 'Camión compactador N°01', '16783', '444441', 2000, 4, 4000, 'Primer camión compactador', 'DISPONIBLE', 4, 2, 1, 1, '2025-10-28 17:42:05', '2025-10-28 17:42:05', NULL, 12, 320),
	(6, 'Camión compactador N°02', '16784', '444442', 2001, 4, 4000, 'Segundo camión compactador', 'DISPONIBLE', 4, 3, 1, 1, '2025-10-28 17:42:05', '2025-10-28 17:42:05', NULL, 12, 320),
	(7, 'Camión compactador N°03', '16785', '444443', 2001, 4, 4000, 'Tercer camión compactador', 'DISPONIBLE', 3, 4, 1, 1, '2025-10-28 17:42:05', '2025-10-28 17:42:05', NULL, 12, 320);
/*!40000 ALTER TABLE "vehicles" ENABLE KEYS */;

-- Dumping structure for table public.employeegroups
CREATE TABLE IF NOT EXISTS "employeegroups" (
	"id" SERIAL NOT NULL,
	"name" VARCHAR(255) NOT NULL,
	"zone_id" BIGINT NOT NULL,
	"schedule_id" BIGINT NOT NULL,
	"vehicle_id" BIGINT NOT NULL,
	"days" VARCHAR(255) NOT NULL,
	"status" VARCHAR(100) NOT NULL DEFAULT 'ACTIVO',
	"created_at" TIMESTAMP NULL DEFAULT NULL,
	"updated_at" TIMESTAMP NULL DEFAULT NULL,
	"deleted_at" TIMESTAMP NULL DEFAULT NULL,
	PRIMARY KEY ("id"),
	CONSTRAINT "employeegroups_schedule_id_foreign" FOREIGN KEY ("schedule_id") REFERENCES "schedules" ("id") ON UPDATE NO ACTION ON DELETE CASCADE,
	CONSTRAINT "employeegroups_vehicle_id_foreign" FOREIGN KEY ("vehicle_id") REFERENCES "vehicles" ("id") ON UPDATE NO ACTION ON DELETE CASCADE,
	CONSTRAINT "employeegroups_zone_id_foreign" FOREIGN KEY ("zone_id") REFERENCES "zones" ("id") ON UPDATE NO ACTION ON DELETE CASCADE
);

-- Dumping data for table public.employeegroups: -1 rows
/*!40000 ALTER TABLE "employeegroups" DISABLE KEYS */;
INSERT INTO "employeegroups" ("id", "name", "zone_id", "schedule_id", "vehicle_id", "days", "status", "created_at", "updated_at", "deleted_at") VALUES
	(5, 'Grupo Juanito', 1, 2, 5, '["lunes","martes","miercoles","jueves"]', 'ACTIVO', '2025-11-04 04:52:31', '2025-11-04 04:52:31', NULL),
	(6, 'Grupo 2', 2, 2, 6, '["martes","miercoles","jueves","viernes"]', 'ACTIVO', '2025-11-04 04:57:16', '2025-11-04 04:57:16', NULL);
/*!40000 ALTER TABLE "employeegroups" ENABLE KEYS */;
-- Dumping structure for table public.configgroups
CREATE TABLE IF NOT EXISTS "configgroups" (
	"id" SERIAL NOT NULL,
	"group_id" BIGINT NOT NULL,
	"user_id" BIGINT NOT NULL,
	"created_at" TIMESTAMP NULL DEFAULT NULL,
	"updated_at" TIMESTAMP NULL DEFAULT NULL,
	"deleted_at" TIMESTAMP NULL DEFAULT NULL,
	PRIMARY KEY ("id"),
	CONSTRAINT "configgroups_group_id_foreign" FOREIGN KEY ("group_id") REFERENCES "employeegroups" ("id") ON UPDATE NO ACTION ON DELETE CASCADE,
	CONSTRAINT "configgroups_user_id_foreign" FOREIGN KEY ("user_id") REFERENCES "users" ("id") ON UPDATE NO ACTION ON DELETE CASCADE
);

-- Dumping data for table public.configgroups: -1 rows
/*!40000 ALTER TABLE "configgroups" DISABLE KEYS */;
INSERT INTO "configgroups" ("id", "group_id", "user_id", "created_at", "updated_at", "deleted_at") VALUES
	(13, 5, 6, '2025-11-04 04:52:32', '2025-11-04 04:52:32', NULL),
	(14, 5, 7, '2025-11-04 04:52:32', '2025-11-04 04:52:32', NULL),
	(15, 5, 9, '2025-11-04 04:52:32', '2025-11-04 04:52:32', NULL),
	(16, 6, 8, '2025-11-04 04:57:16', '2025-11-04 04:57:16', NULL),
	(17, 6, 11, '2025-11-04 04:57:16', '2025-11-04 04:57:16', NULL),
	(18, 6, 13, '2025-11-04 04:57:17', '2025-11-04 04:57:17', NULL);
/*!40000 ALTER TABLE "configgroups" ENABLE KEYS */;

-- Dumping structure for table public.contracts
CREATE TABLE IF NOT EXISTS "contracts" (
	"id" SERIAL NOT NULL,
	"type" VARCHAR(255) NOT NULL,
	"date_start" DATE NOT NULL,
	"date_end" DATE NULL DEFAULT NULL,
	"is_active" BOOLEAN NOT NULL DEFAULT true,
	"user_id" BIGINT NOT NULL,
	"created_at" TIMESTAMP NULL DEFAULT NULL,
	"updated_at" TIMESTAMP NULL DEFAULT NULL,
	"deleted_at" TIMESTAMP NULL DEFAULT NULL,
	"vacation_days_per_year" INTEGER NOT NULL,
	"salary" NUMERIC(10,2) NOT NULL,
	"position_id" BIGINT NOT NULL,
	"department_id" BIGINT NOT NULL,
	"probation_period_months" INTEGER NOT NULL,
	"termination_reason" TEXT NULL DEFAULT NULL,
	PRIMARY KEY ("id"),
	CONSTRAINT "contracts_department_id_foreign" FOREIGN KEY ("department_id") REFERENCES "departments" ("id") ON UPDATE NO ACTION ON DELETE NO ACTION,
	CONSTRAINT "contracts_position_id_foreign" FOREIGN KEY ("position_id") REFERENCES "usertypes" ("id") ON UPDATE NO ACTION ON DELETE NO ACTION,
	CONSTRAINT "contracts_user_id_foreign" FOREIGN KEY ("user_id") REFERENCES "users" ("id") ON UPDATE NO ACTION ON DELETE CASCADE,
	CONSTRAINT "contracts_type_check" CHECK (((type)::text = ANY ((ARRAY['nombrado'::character varying, 'permanente'::character varying, 'eventual'::character varying])::text[])))
);

-- Dumping data for table public.contracts: -1 rows
/*!40000 ALTER TABLE "contracts" DISABLE KEYS */;
INSERT INTO "contracts" ("id", "type", "date_start", "date_end", "is_active", "user_id", "created_at", "updated_at", "deleted_at", "vacation_days_per_year", "salary", "position_id", "department_id", "probation_period_months", "termination_reason") VALUES
	(1, 'nombrado', '2025-11-01', NULL, 'true', 8, '2025-11-04 05:39:38', '2025-11-04 05:39:38', NULL, 25, 1500.00, 1, 15, 5, NULL),
	(2, 'nombrado', '2025-11-01', NULL, 'true', 6, '2025-11-04 05:39:38', '2025-11-04 05:39:38', NULL, 25, 1500.00, 1, 15, 5, NULL),
	(3, 'nombrado', '2025-11-01', NULL, 'true', 11, '2025-11-04 05:39:38', '2025-11-04 05:39:38', NULL, 25, 1500.00, 2, 15, 5, NULL),
	(4, 'nombrado', '2025-11-01', NULL, 'true', 13, '2025-11-04 05:39:38', '2025-11-04 05:39:38', NULL, 25, 1500.00, 2, 15, 5, NULL),
	(5, 'nombrado', '2025-11-01', NULL, 'true', 7, '2025-11-04 05:39:38', '2025-11-04 05:39:38', NULL, 25, 1500.00, 2, 15, 5, NULL),
	(6, 'nombrado', '2025-11-01', NULL, 'true', 9, '2025-11-04 05:39:38', '2025-11-04 05:39:38', NULL, 25, 1500.00, 2, 15, 5, NULL);
/*!40000 ALTER TABLE "contracts" ENABLE KEYS */;



-- Dumping structure for table public.failed_jobs
CREATE TABLE IF NOT EXISTS "failed_jobs" (
	"id" SERIAL NOT NULL,
	"uuid" VARCHAR(255) NOT NULL,
	"connection" TEXT NOT NULL,
	"queue" TEXT NOT NULL,
	"payload" TEXT NOT NULL,
	"exception" TEXT NOT NULL,
	"failed_at" TIMESTAMP NOT NULL DEFAULT CURRENT_TIMESTAMP,
	PRIMARY KEY ("id")
);

-- Dumping data for table public.failed_jobs: -1 rows
/*!40000 ALTER TABLE "failed_jobs" DISABLE KEYS */;
/*!40000 ALTER TABLE "failed_jobs" ENABLE KEYS */;

-- Dumping structure for table public.jobs
CREATE TABLE IF NOT EXISTS "jobs" (
	"id" SERIAL NOT NULL,
	"queue" VARCHAR(255) NOT NULL,
	"payload" TEXT NOT NULL,
	"attempts" SMALLINT NOT NULL,
	"reserved_at" INTEGER NULL DEFAULT NULL,
	"available_at" INTEGER NOT NULL,
	"created_at" INTEGER NOT NULL,
	PRIMARY KEY ("id")
);

-- Dumping data for table public.jobs: -1 rows
/*!40000 ALTER TABLE "jobs" DISABLE KEYS */;
/*!40000 ALTER TABLE "jobs" ENABLE KEYS */;

-- Dumping structure for table public.job_batches
CREATE TABLE IF NOT EXISTS "job_batches" (
	"id" VARCHAR(255) NOT NULL,
	"name" VARCHAR(255) NOT NULL,
	"total_jobs" INTEGER NOT NULL,
	"pending_jobs" INTEGER NOT NULL,
	"failed_jobs" INTEGER NOT NULL,
	"failed_job_ids" TEXT NOT NULL,
	"options" TEXT NULL DEFAULT NULL,
	"cancelled_at" INTEGER NULL DEFAULT NULL,
	"created_at" INTEGER NOT NULL,
	"finished_at" INTEGER NULL DEFAULT NULL,
	PRIMARY KEY ("id")
);

-- Dumping data for table public.job_batches: -1 rows
/*!40000 ALTER TABLE "job_batches" DISABLE KEYS */;
/*!40000 ALTER TABLE "job_batches" ENABLE KEYS */;

-- Dumping structure for table public.migrations
CREATE TABLE IF NOT EXISTS "migrations" (
	"id" SERIAL NOT NULL,
	"migration" VARCHAR(255) NOT NULL,
	"batch" INTEGER NOT NULL,
	PRIMARY KEY ("id")
);

-- Dumping data for table public.migrations: -1 rows
/*!40000 ALTER TABLE "migrations" DISABLE KEYS */;
INSERT INTO "migrations" ("id", "migration", "batch") VALUES
	(1, '2025_10_11_201737_create_departments_table', 1),
	(2, '2025_10_11_201750_create_provinces_table', 2),
	(3, '2025_10_11_201807_create_districts_table', 3),
	(4, '2025_10_11_201815_create_sectors_table', 4),
	(5, '2025_10_11_201816_create_zones_table', 5),
	(6, '0001_01_01_000000_create_users_table', 6),
	(7, '2025_10_11_201937_create_brands_table', 7),
	(8, '2025_10_11_201946_create_brandmodels_table', 8),
	(9, '2025_10_11_201956_create_vehicletypes_table', 9),
	(10, '2025_10_11_202007_create_vehiclecolors_table', 10),
	(11, '2025_10_11_202017_create_vehicles_table', 11),
	(12, '2025_10_11_202111_create_vehicleimages_table', 12),
	(13, '2025_10_11_203206_create_vehicleoccupants_table', 13),
	(14, '2025_10_11_203401_create_vacations_table', 14),
	(15, '2025_10_11_203507_create_attendances_table', 15),
	(16, '2025_10_11_203530_create_routes_table', 16),
	(17, '2025_10_11_203531_create_schedules_table', 17),
	(18, '2025_10_11_203532_create_vehicleroutes_table', 18),
	(19, '2025_10_11_203539_create_routepaths_table', 19),
	(20, '2025_10_11_203547_create_routezones_table', 20),
	(21, '2025_10_12_003418_create_contracts_table', 21),
	(22, '2025_10_13_050151_add_description_to_usertypes_table', 22),
	(23, '2025_10_16_155038_add_dates_to_vacations_table', 23),
	(24, '2025_10_21_162550_create_employeegroups_table', 24),
	(25, '2025_10_21_163701_create_schedulings_table', 25),
	(26, '2025_10_21_164733_create_zoneschedules_table', 26),
	(27, '2025_10_21_164855_create_zonevehicle_table', 27),
	(28, '2025_10_21_224229_add_compaction_and_fuel_capacity_to_vehicles_table', 28),
	(29, '2025_10_21_230240_update_users_table_add_phone_remove_zone_id', 29),
	(30, '0001_01_01_000001_create_cache_table', 30),
	(31, '0001_01_01_000002_create_jobs_table', 31),
	(32, '0001_01_01_000003_create_personal_access_tokens_table', 32),
	(33, '2025_10_11_201827_create_zonecoords_table', 33),
	(34, '2025_10_23_041810_add_status_to_vacations_table', 34),
	(35, '2025_10_23_202116_add_foreignkeys_to_users_table', 35),
	(36, '2025_10_24_010048_add_column_vacation_table', 35),
	(37, '2025_10_24_010440_add_column_contract_table', 36),
	(38, '2025_10_26_000100_add_fields_to_contracts_table', 37),
	(39, '2025_10_26_000300_drop_description_from_contracts_table', 38),
	(40, '2025_10_26_204130_create_configgroups_table', 39),
	(41, '2025_10_26_207130_create_configgroups_table', 40),
	(42, '2025_10_28_193724_add_role_to_configgroups_table', 41),
	(43, '2025_10_28_203121_create_scheduling_details_table', 41),
	(44, '2025_10_28_203320_add_date_range_to_schedulings_table', 41),
	(45, '2025_10_28_203918_add_date_to_scheduling_details_table', 41),
	(46, '2025_10_28_211331_change_role_to_usertype_id_in_scheduling_details_table', 41),
	(47, '2025_10_31_205954_create_audits', 41),
	(48, '2025_11_27_900000_add_days_to_schedulings_table', 41);
/*!40000 ALTER TABLE "migrations" ENABLE KEYS */;

-- Dumping structure for table public.password_reset_tokens
CREATE TABLE IF NOT EXISTS "password_reset_tokens" (
	"email" VARCHAR(255) NOT NULL,
	"token" VARCHAR(255) NOT NULL,
	"created_at" TIMESTAMP NULL DEFAULT NULL,
	PRIMARY KEY ("email")
);

-- Dumping data for table public.password_reset_tokens: -1 rows
/*!40000 ALTER TABLE "password_reset_tokens" DISABLE KEYS */;
/*!40000 ALTER TABLE "password_reset_tokens" ENABLE KEYS */;

-- Dumping structure for table public.personal_access_tokens
CREATE TABLE IF NOT EXISTS "personal_access_tokens" (
	"id" SERIAL NOT NULL,
	"tokenable_type" VARCHAR(255) NOT NULL,
	"tokenable_id" BIGINT NOT NULL,
	"name" TEXT NOT NULL,
	"token" VARCHAR(64) NOT NULL,
	"abilities" TEXT NULL DEFAULT NULL,
	"last_used_at" TIMESTAMP NULL DEFAULT NULL,
	"expires_at" TIMESTAMP NULL DEFAULT NULL,
	"created_at" TIMESTAMP NULL DEFAULT NULL,
	"updated_at" TIMESTAMP NULL DEFAULT NULL,
	PRIMARY KEY ("id")
);

-- Dumping data for table public.personal_access_tokens: -1 rows
/*!40000 ALTER TABLE "personal_access_tokens" DISABLE KEYS */;
/*!40000 ALTER TABLE "personal_access_tokens" ENABLE KEYS */;

-- Dumping structure for table public.routes
CREATE TABLE IF NOT EXISTS "routes" (
	"id" SERIAL NOT NULL,
	"name" VARCHAR(255) NOT NULL,
	"latitude_start" NUMERIC(10,7) NOT NULL,
	"longitude_start" NUMERIC(10,7) NOT NULL,
	"latitude_end" NUMERIC(10,7) NOT NULL,
	"longitude_end" NUMERIC(10,7) NOT NULL,
	"status" VARCHAR(255) NOT NULL DEFAULT 'ACTIVA',
	"created_at" TIMESTAMP NULL DEFAULT NULL,
	"updated_at" TIMESTAMP NULL DEFAULT NULL,
	"deleted_at" TIMESTAMP NULL DEFAULT NULL,
	PRIMARY KEY ("id"),
	CONSTRAINT "routes_status_check" CHECK (((status)::text = ANY ((ARRAY['ACTIVA'::character varying, 'INACTIVA'::character varying])::text[])))
);

-- Dumping data for table public.routes: -1 rows
/*!40000 ALTER TABLE "routes" DISABLE KEYS */;
/*!40000 ALTER TABLE "routes" ENABLE KEYS */;

-- Dumping structure for table public.vehicleroutes
CREATE TABLE IF NOT EXISTS "vehicleroutes" (
	"id" SERIAL NOT NULL,
	"date_route" DATE NOT NULL,
	"time_route" TIME NOT NULL,
	"description" TEXT NULL DEFAULT NULL,
	"vehicle_id" BIGINT NOT NULL,
	"route_id" BIGINT NOT NULL,
	"schedule_id" BIGINT NOT NULL,
	"created_at" TIMESTAMP NULL DEFAULT NULL,
	"updated_at" TIMESTAMP NULL DEFAULT NULL,
	"deleted_at" TIMESTAMP NULL DEFAULT NULL,
	PRIMARY KEY ("id"),
	CONSTRAINT "vehicleroutes_route_id_foreign" FOREIGN KEY ("route_id") REFERENCES "routes" ("id") ON UPDATE NO ACTION ON DELETE CASCADE,
	CONSTRAINT "vehicleroutes_schedule_id_foreign" FOREIGN KEY ("schedule_id") REFERENCES "schedules" ("id") ON UPDATE NO ACTION ON DELETE CASCADE,
	CONSTRAINT "vehicleroutes_vehicle_id_foreign" FOREIGN KEY ("vehicle_id") REFERENCES "vehicles" ("id") ON UPDATE NO ACTION ON DELETE CASCADE
);

-- Dumping data for table public.vehicleroutes: -1 rows
/*!40000 ALTER TABLE "vehicleroutes" DISABLE KEYS */;
/*!40000 ALTER TABLE "vehicleroutes" ENABLE KEYS */;

-- Dumping structure for table public.routepaths
CREATE TABLE IF NOT EXISTS "routepaths" (
	"id" SERIAL NOT NULL,
	"vehicleroute_id" BIGINT NOT NULL,
	"latitude" NUMERIC(10,7) NOT NULL,
	"longitude" NUMERIC(10,7) NOT NULL,
	"order" INTEGER NOT NULL DEFAULT 0,
	"created_at" TIMESTAMP NULL DEFAULT NULL,
	"updated_at" TIMESTAMP NULL DEFAULT NULL,
	"deleted_at" TIMESTAMP NULL DEFAULT NULL,
	PRIMARY KEY ("id"),
	CONSTRAINT "routepaths_vehicleroute_id_foreign" FOREIGN KEY ("vehicleroute_id") REFERENCES "vehicleroutes" ("id") ON UPDATE NO ACTION ON DELETE CASCADE
);

-- Dumping data for table public.routepaths: -1 rows
/*!40000 ALTER TABLE "routepaths" DISABLE KEYS */;
/*!40000 ALTER TABLE "routepaths" ENABLE KEYS */;


-- Dumping structure for table public.routezones
CREATE TABLE IF NOT EXISTS "routezones" (
	"id" SERIAL NOT NULL,
	"route_id" BIGINT NOT NULL,
	"zone_id" BIGINT NOT NULL,
	"created_at" TIMESTAMP NULL DEFAULT NULL,
	"updated_at" TIMESTAMP NULL DEFAULT NULL,
	"deleted_at" TIMESTAMP NULL DEFAULT NULL,
	PRIMARY KEY ("id"),
	CONSTRAINT "routezones_route_id_foreign" FOREIGN KEY ("route_id") REFERENCES "routes" ("id") ON UPDATE NO ACTION ON DELETE CASCADE,
	CONSTRAINT "routezones_zone_id_foreign" FOREIGN KEY ("zone_id") REFERENCES "zones" ("id") ON UPDATE NO ACTION ON DELETE CASCADE
);

-- Dumping data for table public.routezones: -1 rows
/*!40000 ALTER TABLE "routezones" DISABLE KEYS */;
/*!40000 ALTER TABLE "routezones" ENABLE KEYS */;


-- Dumping structure for table public.schedulings
CREATE TABLE IF NOT EXISTS "schedulings" (
	"id" SERIAL NOT NULL,
	"group_id" BIGINT NOT NULL,
	"schedule_id" BIGINT NOT NULL,
	"vehicle_id" BIGINT NULL DEFAULT NULL,
	"zone_id" BIGINT NULL DEFAULT NULL,
	"date" DATE NOT NULL,
	"status" INTEGER NOT NULL,
	"notes" TEXT NULL DEFAULT NULL,
	"created_at" TIMESTAMP NULL DEFAULT NULL,
	"updated_at" TIMESTAMP NULL DEFAULT NULL,
	"deleted_at" TIMESTAMP NULL DEFAULT NULL,
	"start_date" DATE NULL DEFAULT NULL,
	"end_date" DATE NULL DEFAULT NULL,
	"days" VARCHAR(255) NULL DEFAULT NULL,
	PRIMARY KEY ("id"),
	CONSTRAINT "schedulings_group_id_foreign" FOREIGN KEY ("group_id") REFERENCES "employeegroups" ("id") ON UPDATE NO ACTION ON DELETE CASCADE,
	CONSTRAINT "schedulings_schedule_id_foreign" FOREIGN KEY ("schedule_id") REFERENCES "schedules" ("id") ON UPDATE NO ACTION ON DELETE CASCADE,
	CONSTRAINT "schedulings_vehicle_id_foreign" FOREIGN KEY ("vehicle_id") REFERENCES "vehicles" ("id") ON UPDATE NO ACTION ON DELETE SET NULL,
	CONSTRAINT "schedulings_zone_id_foreign" FOREIGN KEY ("zone_id") REFERENCES "zones" ("id") ON UPDATE NO ACTION ON DELETE SET NULL
);

-- Dumping data for table public.schedulings: -1 rows
/*!40000 ALTER TABLE "schedulings" DISABLE KEYS */;
INSERT INTO "schedulings" ("id", "group_id", "schedule_id", "vehicle_id", "zone_id", "date", "status", "notes", "created_at", "updated_at", "deleted_at", "start_date", "end_date", "days") VALUES
	(1, 6, 2, NULL, NULL, '2025-11-04', 0, NULL, '2025-11-04 06:05:39', '2025-11-04 06:05:39', NULL, NULL, NULL, NULL),
	(2, 6, 2, NULL, NULL, '2025-11-05', 0, NULL, '2025-11-04 06:05:43', '2025-11-04 06:05:43', NULL, NULL, NULL, NULL),
	(3, 6, 2, NULL, NULL, '2025-11-06', 0, NULL, '2025-11-04 06:05:48', '2025-11-04 06:05:48', NULL, NULL, NULL, NULL),
	(4, 5, 2, NULL, NULL, '2025-11-04', 0, NULL, '2025-11-04 06:05:55', '2025-11-04 06:05:55', NULL, NULL, NULL, NULL),
	(5, 5, 2, NULL, NULL, '2025-11-05', 0, NULL, '2025-11-04 06:06:00', '2025-11-04 06:06:00', NULL, NULL, NULL, NULL),
	(6, 5, 2, NULL, NULL, '2025-11-06', 0, NULL, '2025-11-04 06:06:04', '2025-11-04 06:06:04', NULL, NULL, NULL, NULL);
/*!40000 ALTER TABLE "schedulings" ENABLE KEYS */;

-- Dumping structure for table public.scheduling_details
CREATE TABLE IF NOT EXISTS "scheduling_details" (
	"id" SERIAL NOT NULL,
	"scheduling_id" BIGINT NOT NULL,
	"user_id" BIGINT NOT NULL,
	"position_order" INTEGER NOT NULL,
	"attendance_status" VARCHAR(255) NOT NULL DEFAULT 'pendiente',
	"notes" TEXT NULL DEFAULT NULL,
	"created_at" TIMESTAMP NULL DEFAULT NULL,
	"updated_at" TIMESTAMP NULL DEFAULT NULL,
	"deleted_at" TIMESTAMP NULL DEFAULT NULL,
	"date" DATE NOT NULL,
	"usertype_id" BIGINT NOT NULL,
	PRIMARY KEY ("id"),
	CONSTRAINT "scheduling_details_scheduling_id_foreign" FOREIGN KEY ("scheduling_id") REFERENCES "schedulings" ("id") ON UPDATE NO ACTION ON DELETE CASCADE,
	CONSTRAINT "scheduling_details_user_id_foreign" FOREIGN KEY ("user_id") REFERENCES "users" ("id") ON UPDATE NO ACTION ON DELETE CASCADE,
	CONSTRAINT "scheduling_details_usertype_id_foreign" FOREIGN KEY ("usertype_id") REFERENCES "usertypes" ("id") ON UPDATE NO ACTION ON DELETE CASCADE,
	CONSTRAINT "scheduling_details_attendance_status_check" CHECK (((attendance_status)::text = ANY ((ARRAY['pendiente'::character varying, 'presente'::character varying, 'ausente'::character varying, 'justificado'::character varying])::text[])))
);

-- Dumping data for table public.scheduling_details: -1 rows
/*!40000 ALTER TABLE "scheduling_details" DISABLE KEYS */;
INSERT INTO "scheduling_details" ("id", "scheduling_id", "user_id", "position_order", "attendance_status", "notes", "created_at", "updated_at", "deleted_at", "date", "usertype_id") VALUES
	(1, 1, 8, 1, 'pendiente', NULL, '2025-11-04 06:05:41', '2025-11-04 06:05:41', NULL, '2025-11-04', 1),
	(2, 1, 11, 2, 'pendiente', NULL, '2025-11-04 06:05:42', '2025-11-04 06:05:42', NULL, '2025-11-04', 2),
	(3, 1, 13, 3, 'pendiente', NULL, '2025-11-04 06:05:43', '2025-11-04 06:05:43', NULL, '2025-11-04', 2),
	(4, 2, 8, 1, 'pendiente', NULL, '2025-11-04 06:05:45', '2025-11-04 06:05:45', NULL, '2025-11-05', 1),
	(5, 2, 11, 2, 'pendiente', NULL, '2025-11-04 06:05:46', '2025-11-04 06:05:46', NULL, '2025-11-05', 2),
	(6, 2, 13, 3, 'pendiente', NULL, '2025-11-04 06:05:47', '2025-11-04 06:05:47', NULL, '2025-11-05', 2),
	(7, 3, 8, 1, 'pendiente', NULL, '2025-11-04 06:05:50', '2025-11-04 06:05:50', NULL, '2025-11-06', 1),
	(8, 3, 11, 2, 'pendiente', NULL, '2025-11-04 06:05:51', '2025-11-04 06:05:51', NULL, '2025-11-06', 2),
	(9, 3, 13, 3, 'pendiente', NULL, '2025-11-04 06:05:52', '2025-11-04 06:05:52', NULL, '2025-11-06', 2),
	(10, 4, 6, 1, 'pendiente', NULL, '2025-11-04 06:05:57', '2025-11-04 06:05:57', NULL, '2025-11-04', 1),
	(11, 4, 7, 2, 'pendiente', NULL, '2025-11-04 06:05:58', '2025-11-04 06:05:58', NULL, '2025-11-04', 2),
	(12, 4, 9, 3, 'pendiente', NULL, '2025-11-04 06:05:59', '2025-11-04 06:05:59', NULL, '2025-11-04', 2),
	(13, 5, 6, 1, 'pendiente', NULL, '2025-11-04 06:06:02', '2025-11-04 06:06:02', NULL, '2025-11-05', 1),
	(14, 5, 7, 2, 'pendiente', NULL, '2025-11-04 06:06:03', '2025-11-04 06:06:03', NULL, '2025-11-05', 2),
	(15, 5, 9, 3, 'pendiente', NULL, '2025-11-04 06:06:04', '2025-11-04 06:06:04', NULL, '2025-11-05', 2),
	(16, 6, 6, 1, 'pendiente', NULL, '2025-11-04 06:06:06', '2025-11-04 06:06:06', NULL, '2025-11-06', 1),
	(17, 6, 7, 2, 'pendiente', NULL, '2025-11-04 06:06:07', '2025-11-04 06:06:07', NULL, '2025-11-06', 2),
	(18, 6, 9, 3, 'pendiente', NULL, '2025-11-04 06:06:08', '2025-11-04 06:06:08', NULL, '2025-11-06', 2);
/*!40000 ALTER TABLE "scheduling_details" ENABLE KEYS */;


-- Dumping structure for table public.vacations
CREATE TABLE IF NOT EXISTS "vacations" (
	"id" SERIAL NOT NULL,
	"user_id" BIGINT NOT NULL,
	"year" INTEGER NOT NULL,
	"days_programmed" INTEGER NOT NULL DEFAULT 0,
	"days_pending" INTEGER NOT NULL DEFAULT 0,
	"max_days" INTEGER NOT NULL DEFAULT 30,
	"created_at" TIMESTAMP NULL DEFAULT NULL,
	"updated_at" TIMESTAMP NULL DEFAULT NULL,
	"deleted_at" TIMESTAMP NULL DEFAULT NULL,
	"start_date" DATE NULL DEFAULT NULL,
	"end_date" DATE NULL DEFAULT NULL,
	"status" VARCHAR(255) NOT NULL DEFAULT 'pendiente',
	PRIMARY KEY ("id"),
	CONSTRAINT "vacations_user_id_foreign" FOREIGN KEY ("user_id") REFERENCES "users" ("id") ON UPDATE NO ACTION ON DELETE CASCADE,
	CONSTRAINT "vacations_status_check" CHECK (((status)::text = ANY ((ARRAY['pendiente'::character varying, 'aprobada'::character varying, 'rechazada'::character varying])::text[])))
);

-- Dumping data for table public.vacations: -1 rows
/*!40000 ALTER TABLE "vacations" DISABLE KEYS */;
INSERT INTO "vacations" ("id", "user_id", "year", "days_programmed", "days_pending", "max_days", "created_at", "updated_at", "deleted_at", "start_date", "end_date", "status") VALUES
	(2, 1, 2025, 3, 47, 50, '2025-10-27 03:27:56', '2025-10-27 03:27:56', NULL, '2025-10-26', '2025-10-28', 'pendiente');
/*!40000 ALTER TABLE "vacations" ENABLE KEYS */;


-- Dumping structure for table public.vehicleimages
CREATE TABLE IF NOT EXISTS "vehicleimages" (
	"id" SERIAL NOT NULL,
	"path" VARCHAR(255) NOT NULL,
	"is_profile" BOOLEAN NOT NULL DEFAULT false,
	"vehicle_id" BIGINT NOT NULL,
	"created_at" TIMESTAMP NULL DEFAULT NULL,
	"updated_at" TIMESTAMP NULL DEFAULT NULL,
	"deleted_at" TIMESTAMP NULL DEFAULT NULL,
	PRIMARY KEY ("id"),
	CONSTRAINT "vehicleimages_vehicle_id_foreign" FOREIGN KEY ("vehicle_id") REFERENCES "vehicles" ("id") ON UPDATE NO ACTION ON DELETE CASCADE
);

-- Dumping data for table public.vehicleimages: -1 rows
/*!40000 ALTER TABLE "vehicleimages" DISABLE KEYS */;
/*!40000 ALTER TABLE "vehicleimages" ENABLE KEYS */;

-- Dumping structure for table public.vehicleoccupants
CREATE TABLE IF NOT EXISTS "vehicleoccupants" (
	"id" SERIAL NOT NULL,
	"status" VARCHAR(255) NOT NULL DEFAULT 'ACTIVO',
	"vehicle_id" BIGINT NOT NULL,
	"user_id" BIGINT NOT NULL,
	"usertype_id" BIGINT NOT NULL,
	"created_at" TIMESTAMP NULL DEFAULT NULL,
	"updated_at" TIMESTAMP NULL DEFAULT NULL,
	"deleted_at" TIMESTAMP NULL DEFAULT NULL,
	PRIMARY KEY ("id"),
	CONSTRAINT "vehicleoccupants_user_id_foreign" FOREIGN KEY ("user_id") REFERENCES "users" ("id") ON UPDATE NO ACTION ON DELETE CASCADE,
	CONSTRAINT "vehicleoccupants_usertype_id_foreign" FOREIGN KEY ("usertype_id") REFERENCES "usertypes" ("id") ON UPDATE NO ACTION ON DELETE CASCADE,
	CONSTRAINT "vehicleoccupants_vehicle_id_foreign" FOREIGN KEY ("vehicle_id") REFERENCES "vehicles" ("id") ON UPDATE NO ACTION ON DELETE CASCADE,
	CONSTRAINT "vehicleoccupants_status_check" CHECK (((status)::text = ANY ((ARRAY['ACTIVO'::character varying, 'INACTIVO'::character varying])::text[])))
);

-- Dumping data for table public.vehicleoccupants: -1 rows
/*!40000 ALTER TABLE "vehicleoccupants" DISABLE KEYS */;
/*!40000 ALTER TABLE "vehicleoccupants" ENABLE KEYS */;


-- Dumping structure for table public.zonecoords
CREATE TABLE IF NOT EXISTS "zonecoords" (
	"id" SERIAL NOT NULL,
	"latitude" NUMERIC(10,7) NOT NULL,
	"longitude" NUMERIC(10,7) NOT NULL,
	"zone_id" BIGINT NOT NULL,
	"created_at" TIMESTAMP NULL DEFAULT NULL,
	"updated_at" TIMESTAMP NULL DEFAULT NULL,
	"deleted_at" TIMESTAMP NULL DEFAULT NULL,
	PRIMARY KEY ("id"),
	CONSTRAINT "zonecoords_zone_id_foreign" FOREIGN KEY ("zone_id") REFERENCES "zones" ("id") ON UPDATE NO ACTION ON DELETE CASCADE
);

-- Dumping data for table public.zonecoords: -1 rows
/*!40000 ALTER TABLE "zonecoords" DISABLE KEYS */;
INSERT INTO "zonecoords" ("id", "latitude", "longitude", "zone_id", "created_at", "updated_at", "deleted_at") VALUES
	(28, -6.7613362, -79.8343205, 1, '2025-10-27 15:49:21', '2025-10-27 15:49:21', NULL),
	(29, -6.7619754, -79.8293638, 1, '2025-10-27 15:49:21', '2025-10-27 15:49:21', NULL),
	(30, -6.7569147, -79.8203087, 1, '2025-10-27 15:49:21', '2025-10-27 15:49:21', NULL),
	(31, -6.7484444, -79.8329258, 1, '2025-10-27 15:49:21', '2025-10-27 15:49:21', NULL),
	(36, -6.7487427, -79.8498344, 2, '2025-10-27 15:57:17', '2025-10-27 15:57:17', NULL),
	(37, -6.7543683, -79.8503923, 2, '2025-10-27 15:57:17', '2025-10-27 15:57:17', NULL),
	(38, -6.7550928, -79.8436117, 2, '2025-10-27 15:57:17', '2025-10-27 15:57:17', NULL),
	(39, -6.7461430, -79.8426676, 2, '2025-10-27 15:57:17', '2025-10-27 15:57:17', NULL),
	(40, -6.7491263, -79.8458433, 2, '2025-10-27 15:57:17', '2025-10-27 15:57:17', NULL),
	(45, -6.7557747, -79.8379040, 3, '2025-10-27 16:21:18', '2025-10-27 16:21:18', NULL),
	(46, -6.7460578, -79.8368740, 3, '2025-10-27 16:21:18', '2025-10-27 16:21:18', NULL),
	(47, -6.7485723, -79.8328400, 3, '2025-10-27 16:21:18', '2025-10-27 16:21:18', NULL),
	(48, -6.7562008, -79.8336124, 3, '2025-10-27 16:21:18', '2025-10-27 16:21:18', NULL);
/*!40000 ALTER TABLE "zonecoords" ENABLE KEYS */;


-- Dumping structure for table public.zoneschedules
CREATE TABLE IF NOT EXISTS "zoneschedules" (
	"id" SERIAL NOT NULL,
	"zone_id" BIGINT NULL DEFAULT NULL,
	"schedule_id" BIGINT NOT NULL,
	"created_at" TIMESTAMP NULL DEFAULT NULL,
	"updated_at" TIMESTAMP NULL DEFAULT NULL,
	"deleted_at" TIMESTAMP NULL DEFAULT NULL,
	PRIMARY KEY ("id"),
	CONSTRAINT "zoneschedules_schedule_id_foreign" FOREIGN KEY ("schedule_id") REFERENCES "schedules" ("id") ON UPDATE NO ACTION ON DELETE CASCADE,
	CONSTRAINT "zoneschedules_zone_id_foreign" FOREIGN KEY ("zone_id") REFERENCES "zones" ("id") ON UPDATE NO ACTION ON DELETE SET NULL
);

-- Dumping data for table public.zoneschedules: -1 rows
/*!40000 ALTER TABLE "zoneschedules" DISABLE KEYS */;
/*!40000 ALTER TABLE "zoneschedules" ENABLE KEYS */;

-- Dumping structure for table public.zonevehicles
CREATE TABLE IF NOT EXISTS "zonevehicles" (
	"id" SERIAL NOT NULL,
	"zone_id" BIGINT NULL DEFAULT NULL,
	"vehicle_id" BIGINT NULL DEFAULT NULL,
	"created_at" TIMESTAMP NULL DEFAULT NULL,
	"updated_at" TIMESTAMP NULL DEFAULT NULL,
	"deleted_at" TIMESTAMP NULL DEFAULT NULL,
	PRIMARY KEY ("id"),
	CONSTRAINT "zonevehicles_vehicle_id_foreign" FOREIGN KEY ("vehicle_id") REFERENCES "vehicles" ("id") ON UPDATE NO ACTION ON DELETE SET NULL,
	CONSTRAINT "zonevehicles_zone_id_foreign" FOREIGN KEY ("zone_id") REFERENCES "zones" ("id") ON UPDATE NO ACTION ON DELETE SET NULL
);

-- Dumping data for table public.zonevehicles: -1 rows
/*!40000 ALTER TABLE "zonevehicles" DISABLE KEYS */;
/*!40000 ALTER TABLE "zonevehicles" ENABLE KEYS */;

/*!40103 SET TIME_ZONE=IFNULL(@OLD_TIME_ZONE, 'system') */;
/*!40101 SET SQL_MODE=IFNULL(@OLD_SQL_MODE, '') */;
/*!40014 SET FOREIGN_KEY_CHECKS=IFNULL(@OLD_FOREIGN_KEY_CHECKS, 1) */;
/*!40101 SET CHARACTER_SET_CLIENT=@OLD_CHARACTER_SET_CLIENT */;
/*!40111 SET SQL_NOTES=IFNULL(@OLD_SQL_NOTES, 1) */;
